2032c.dat,0.1396889236227204,-0.058345923629531816
a18.dat,2.6239836113427675,-0.4190484770499712
a18sm.dat,2.098231572459369,-0.40131761844448444
a63a108c.dat,0.44544420225048215,-0.3251163096589898
ag03.dat,0.09475351565746268,-0.19145810697725688
ag04.dat,0.11549644566959978,-0.21684930482834297
ag08.dat,0.11602575730886154,-0.2139308736897924
ag09.dat,0.4359855760752365,-0.3076167402176973
ag10.dat,0.5455029642905246,-0.3222167079690361
ag11.dat,1.149160743157643,-0.3602349228847577
ag12.dat,0.15420785545920992,-0.23766462326930207
ag13.dat,0.1406283293134702,-0.2253577222550368
ag14.dat,0.2804558748806595,-0.27109312911774003
ag16.dat,0.2739505208074949,-0.2809717959148782
ag17.dat,0.17775777203397675,-0.24477922749460534
ag18.dat,0.1985072083645839,-0.2463481190474685
ag19.dat,0.45616575860100805,-0.3040545116884972
ag24.dat,0.3666512854094321,-0.2942027397272464
ag25.dat,0.20871051599886387,-0.24578317610185735
ag26.dat,0.28909749420225356,-0.2670997079245398
ag27.dat,0.6765547587773063,-0.3275990249697511
ag35.dat,0.2639737917532839,-0.2632937270804261
ag36.dat,0.19280821348944258,-0.24103145729612507
ag37.dat,0.17325737836734906,-0.2333058551514875
ag38.dat,0.11928276608662478,-0.2033267456008531
ag44ct02r.dat,0.06534526237559095,-0.16610689512351764
ag455ct02r.dat,0.04335341624341204,-0.13660474182340115
ag45c03.dat,0.04630583965099532,-0.13358193138559837
ag45ct02r.dat,0.04895720035026365,-0.14580766441039353
ag46c03.dat,0.03256295711158032,-0.11571338786919849
ag46ct02r.dat,0.04926072141461498,-0.15056885950235643
ag47c03.dat,0.055370675941649745,-0.1680934933519182
ag47ct02r.dat,0.07272175853133449,-0.19221421478421194
ah21.dat,0.1989926211922086,-0.2430636992428105
ah63k127.dat,4.129365186739397,-0.4231989586464314
ah6407.dat,0.05946090648088584,-0.010193898600476696
ah7476.dat,0.029390846206038997,0.061215589765702065
ah79100a.dat,2.0907175466894565,-0.40679710053367385
ah79100b.dat,0.02391042885280828,0.08510869240323699
ah79100c.dat,0.004851069824877135,0.21691567599189085
ah79k132.dat,8.041413340570191,-0.4881552121891356
ah79k135.dat,4.706376309614127,-0.4568740793830618
ah79k143.dat,19.334163117606582,-0.5648450020792853
ah80129.dat,16.85620886990603,-0.543985823116889
ah80136.dat,10.335489205312275,-0.5357759313479281
ah80140.dat,7.086854253180705,-0.4802875394101767
ah81131.dat,178.59087850552766,-0.7449677681209186
ah81k144.dat,23.201528112632555,-0.5680944466967379
ah81k144wfklappe.dat,254.08088447372862,-0.7323576104592092
ah82150a.dat,14.754657850209462,-0.5401778441970809
ah82150f.dat,61.253589939502454,-0.6333170657700593
ah83150q.dat,12.686448189855831,-0.5131075774598417
ah83159.dat,21.949504731084552,-0.5613905020581615
ah85l120.dat,70.30811043491802,-0.6814336318992136
ah88k130.dat,8.832544457231787,-0.47879870736036517
ah88k136.dat,11.310476576144081,-0.5116527051003854
ah93156.dat,22.849499103360507,-0.5728730481082708
ah93157.dat,12.746874661534475,-0.5274699843854077
ah93k130.dat,15.857396524332758,-0.5354976614121871
ah93k131.dat,16.965944112233654,-0.5441412786325448
ah93k132.dat,11.462877023504321,-0.5123673839721232
ah93w145.dat,1.2181989999640968,-0.35580948445720945
ah93w174.dat,1.9926244630666812,-0.3924270852992162
ah93w215.dat,8.965916112840748,-0.5109566914977938
ah93w257.dat,2062.2988605883174,-0.9049945949797491
ah93w300.dat,1916.3174145760017,-0.8956994584422631
ah93w480b.dat,0.3060170090195802,-0.14827612477317964
ah94145.dat,90.23155682194111,-0.6591385133446948
ah94156.dat,16.752524161408836,-0.5474712356938639
ah94w301.dat,1397.689970744752,-0.867605451826096
ah95160.dat,177.07586382299831,-0.7120379616421871
ames01.dat,4.2737192633637635,-0.4908209816793571
ames02.dat,0.4444984656731859,-0.32493890996313196
ames03.dat,10.012196351734747,-0.5491230984992024
amsoil1.dat,3.351699527546886,-0.43707621313248274
amsoil2.dat,3.23934379131129,-0.4548187507121715
apex16.dat,8.830166265209117,-0.49730244192301554
aquilasm.dat,4.8591512242613915,-0.41313492765525084
arad10.dat,6.716035158870807,-0.48349080861588895
arad13.dat,1.3100143272077744,-0.3586552559676677
arad20.dat,0.7771445617270019,-0.314325323845737
arad6.dat,15.6726593452023,-0.47769190602003864
as5045.dat,56.527557443710336,-0.6558203553461169
as5046.dat,62.19792574698919,-0.6626270094276093
as5048.dat,108.26989012104058,-0.7010537771177319
atr72sm.dat,0.12612564016469346,-0.19445296322698616
august160.dat,3.468024910469747,-0.4216109686628205
avistar.dat,1.0233330162638155,-0.34893211695038384
b29root.dat,18.02140074707129,-0.5669970185246502
b29tip.dat,0.6002964260816426,-0.3271904705381498
b540ols.dat,0.07066056572662903,-0.1708677723610825
b707a.dat,0.3125888579049565,-0.26689453947353614
b707c.dat,0.7767334864664518,0.4930724662911644
b707d.dat,1.4245718170368675,-0.3737854250538995
b707e.dat,0.951102771211841,-0.34231899496344853
b737a.dat,0.15422914718928546,-0.20691295329418663
b737b.dat,1.0210955172871305,-0.3742577001297773
b737c.dat,0.4486290123927964,-0.31094084093163443
b737d.dat,0.7393264173719106,-0.33212024637704757
bacj.dat,11.898452904575239,-0.5499350487023894
bacnlf.dat,11.310128719524373,-0.5484566170207538
bacxxx.dat,2.6806753793140654,-0.4375541916587492
bambino6.dat,2.6946353298466788,-0.4099752239252245
be50.dat,3.0678627032578363,-0.4155657732710237
be50sm.dat,3.6489659333342743,-0.4335317012144889
boe103.dat,2.685857932541493,-0.4190430372632182
boe106.dat,1.8226114577149364,-0.39544194533926164
bqm34.dat,2.2106081185291067,-0.44646077016223834
bw3.dat,38.06178698690011,-0.5436955126587099
c141a.dat,64.74732513462274,-0.6825952351929119
c141b.dat,51.12998837174976,-0.6663358877101815
c141c.dat,14.864774288208013,-0.5774406629289394
c141d.dat,2.063573710829623,-0.4119047063474544
c141e.dat,2.0281081530578047,-0.4014663026767872
c141f.dat,6.868360961083037,-0.4796427440773871
c5a.dat,52.36242858560586,-0.6652833613585253
c5b.dat,19.421483670542322,-0.59089048748304
c5c.dat,7.649957024154202,-0.5158108605186811
c5d.dat,4.9504617289490325,-0.4840866241332904
c5e.dat,1.0682425145444674,-0.35747499621996837
cast102.dat,5.610108553333103,-0.47660472545481597
chen.dat,0.4010330658757149,-0.13918253906361
clarkk.dat,6.257872794551145,-0.47712399879785294
clarkv.dat,4.56945215437654,-0.4601734719853669
clarkw.dat,5.496268594227657,-0.4782137129657278
clarkx.dat,3.644026789067266,-0.44868269533512045
clarky.dat,3.510812108410881,-0.44209029471071454
clarkyh.dat,0.5990169773688865,-0.3198730799565929
clarkys.dat,4.715963172283022,-0.4812580951794672
clarkysm.dat,3.885451198108748,-0.4516413135313711
clarkz.dat,14.308498441223698,-0.5380751298408255
clarym15.dat,3.778378145796933,-0.4481816975893287
clarym18.dat,5.72903087476812,-0.4764844219943063
coanda1.dat,2.61236071156986,-0.4290328821286374
coanda2.dat,3.116578678778125,-0.4423193848977983
coanda3.dat,1.1196707043113967,-0.3569399907163582
cootie.dat,462.8019151914955,-0.7449761398321028
cr001sm.dat,0.5977973614858332,-0.2556224334943286
cr1.dat,17.165961447848684,-0.5551994594903588
curtisc72.dat,4.104382676249099,-0.4533587529993031
dae11.dat,147.23968794383566,-0.622698849508053
dae21.dat,7.965466642119003,-0.3821383101883934
dae31.dat,0.13603998577246598,-0.04509064682853243
dae51.dat,13.248635318646599,-0.5281798027258009
davis.dat,2.824518756631918,-0.43039728653165366
davissm.dat,0.1082579521161733,-0.05429513898607409
daytonwright6.dat,7.79459939791798,-0.4907334346029825
daytonwrightt1.dat,9.692640725696485,-0.5140101365120502
dbln526.dat,1777.628308428137,-0.8540677414446021
defcnd1.dat,19.68140862662712,-0.5602933907553609
defcnd2.dat,2.688195738514504,-0.41348184097274804
defcnd3.dat,0.2429318064826389,-0.2552552293605632
df101.dat,1.720612909215967,-0.40651105602510257
df102.dat,1.8537070018299435,-0.41110683955709393
dfvlrr4.dat,216.62369197089848,-0.7694935477894148
dga1138.dat,0.5678740339801748,-0.30969686094024645
dga1182.dat,0.2630623089765909,-0.2796531484171176
dh4009sm.dat,4.076061087952919,-0.49305048512095945
doa5.dat,54.02092244903854,-0.6430802974934196
dormoy.dat,0.13046281820435862,-0.1590129463141465
drgnfly.dat,165.08375210189968,-0.6931902197065464
dsma523a.dat,9.444346956408257,-0.5115464167303708
dsma523b.dat,1.8949595964331882,-0.3780315340432791
du06.dat,64.88433115489077,-0.664049541131224
du84132v.dat,3.8910336426089,-0.4532765434111407
du8608418.dat,6.887257034487728,-0.5240356008996337
du861372.dat,97.89769701928886,-0.7062521253682591
e1098.dat,149.12349291072786,-0.7166956873305761
e1200.dat,22.121170760421503,-0.5715846560804697
e1210.dat,28.79854609927532,-0.5857534442467115
e1211.dat,8.94195214629661,-0.5015181878064986
e1212.dat,3.0486925163807888,-0.4243021886623759
e1212mod.dat,0.6130984931055798,-0.29641631260884044
e1213.dat,1.5900411385191469,-0.3786951317330815
e1214.dat,2.5138322956609196,-0.41030136503616943
e1230.dat,0.34361639876543726,-0.2657907559880353
e1233.dat,0.8345425423901672,-0.320107994581002
e168.dat,0.5476597158668391,-0.32233349122489624
e169.dat,1.2772126189853081,-0.37876225327015056
e171.dat,2.365409951098434,-0.436714503013696
e174.dat,4.905351389385015,-0.45408851621117385
e176.dat,1.6809820431154634,-0.38611786353130534
e178.dat,0.5818189980382187,-0.31681824603355235
e180.dat,0.3031365734552329,-0.2858899614560366
e182.dat,1.442551161728873,-0.41486375201987596
e184.dat,1.6908319130847305,-0.4247275614978999
e186.dat,2.4510773345399532,-0.43944315156825015
e193.dat,1.5822423234580583,-0.37946542656762444
e195.dat,0.5665504277582892,-0.3123914244912219
e197.dat,1.6688714751024494,-0.4014422682891508
e201.dat,0.5169778306184655,-0.30764391291080456
e203.dat,2.7630997820367673,-0.4417554170189632
e205.dat,0.40624225544838916,-0.28507393598732345
e207.dat,0.43157410416722236,-0.3024492817461501
e209.dat,1.5121138898222342,-0.39612581143496145
e210.dat,1.4006946152924038,-0.3678451264068878
e211.dat,1.4995647250414026,-0.3880473007146572
e212.dat,2.3567129317697524,-0.42083555415366775
e214.dat,3.4480553665929037,-0.42627140204287
e216.dat,2.5245985781249236,-0.38236871001542777
e220.dat,4.20896849283071,-0.48394063933610176
e221.dat,0.9603859810740237,-0.38066527967555014
e222.dat,1.59278604831666,-0.39955128785137445
e224.dat,2.016128760437497,-0.4305419750003316
e226.dat,1.9412705670024335,-0.43415078527183804
e228.dat,2.8943105564948186,-0.46863363585166573
e230.dat,3.305740158404106,-0.4728633071431255
e231.dat,15.671134011404176,-0.5723852175764839
e266.dat,14.763567028181114,-0.5498245616714458
e297.dat,29.223323689526683,-0.6311299320766868
e325.dat,16.925973934735524,-0.5643197457724566
e326.dat,11.793261506767143,-0.5431024355157893
e327.dat,10.328907860426403,-0.5399357502613317
e328.dat,0.6608729431372048,-0.3056952058423909
e329.dat,1.5915462820740625,-0.3640589357495135
e330.dat,4.093402074681875,-0.4643155086244572
e331.dat,6.340366576219522,-0.5043063715120698
e332.dat,0.81780615996447,-0.32565863439656084
e333.dat,1.8055347240979411,-0.371694299118212
e334.dat,3.4790140666226432,-0.40267273401411374
e335.dat,5.8227912266188575,-0.48438908287681287
e336.dat,9.000018042161397,-0.5257679511037902
e337.dat,0.886869446164172,-0.32701354209161043
e338.dat,2.087072315090588,-0.3840560587661354
e339.dat,1.5286309804300384,-0.3345451521145026
e340.dat,6.144791218802997,-0.4851205889171218
e341.dat,1.4139943081356814,-0.3682770668386808
e342.dat,1.0071192687209298,-0.33437278572946294
e343.dat,2.253264848615185,-0.3888888956407595
e344.dat,2.8207332597152464,-0.3859341190313801
e360.dat,10.327772723654558,-0.5506765760411791
e361.dat,7.6200525763809335,-0.5283213794216847
e374.dat,1.3979113886027903,-0.40253942284305894
e376.dat,0.11758088873783779,-0.042136003970952886
e377.dat,0.11942488889681435,-0.042949423153412894
e377m.dat,0.1357460607855127,-0.05309068997115983
e378.dat,0.11263121653997062,-0.04633945810213395
e379.dat,0.10346691330788821,-0.04084177286949844
e385.dat,0.09694444079349378,-0.04600425477030196
e387.dat,4.122278393098203,-0.44296943696880925
e392.dat,1.4408391764886421,-0.35063851398374857
e393.dat,2.4775929168679958,-0.40541327120653414
e395.dat,4.068062868490629,-0.441377283471933
e396.dat,4.474998357466571,-0.4466164262046401
e397.dat,5.220877538946655,-0.4625505100503482
e398.dat,2.192397087691358,-0.3968644818322933
e399.dat,3.126270934603197,-0.4301984825264041
e403.dat,45.84816414106924,-0.6187645484203332
e407.dat,50.91805429574474,-0.6320072975760906
e417.dat,65.73700280736978,-0.6511425918270896
e421.dat,27.814235999562758,-0.4335897461793295
e422.dat,289.6550781529874,-0.6410179029791709
e426.dat,0.1930670090635061,-0.2429134437908911
e428.dat,0.24621971563602757,-0.2602389039918452
e431.dat,9.191222868609168,-0.4895426464535008
e432.dat,5.62133117958083,-0.4560639133680427
e433.dat,10.138519008460515,-0.4954010918627365
e434.dat,11.483131621901373,-0.5017425538191632
e435.dat,13.413095992488799,-0.5180473559132422
e471.dat,0.010229078053075628,0.10165599218296789
e472.dat,0.079736397711534,-0.15617709723541778
e473.dat,0.6193446106840169,-0.30714929340282815
e474.dat,0.14138115520747369,-0.20066868148500816
e475.dat,0.14133907188330755,-0.20190364676833375
e479.dat,1.1778074402745478,-0.36695488632905476
e485.dat,19.674898181477783,-0.6031099246098379
e49.dat,0.02340093709820785,0.06899909760555593
e502.dat,206.10975853034662,-0.7569398035541011
e520.dat,56.448198630618954,-0.666992765167644
e521.dat,63.390764142802716,-0.68255176363221
e540.dat,718.2340849746839,-0.8462111615467849
e541.dat,1127.2998402858434,-0.8740296001676156
e542.dat,113.56515490950943,-0.7039607745395291
e543.dat,226.7612331490973,-0.7601032111315854
e544.dat,262.1478341511614,-0.771718621746278
e545.dat,144.52920049582792,-0.72825808931655
e546.dat,97.63738139874702,-0.7017860712854018
e547.dat,101.89199643444901,-0.701979104053578
e548.dat,110.21280541751374,-0.7036951948824726
e549.dat,73.1337642953387,-0.6767998373056521
e550.dat,76.39151218722547,-0.6756393359004685
e551.dat,42.07898372425745,-0.6350292447553683
e552.dat,35.4776098450276,-0.6174752333453454
e553.dat,36.959266002977614,-0.626619626226112
e554.dat,23.87575552967281,-0.5885578940026652
e555.dat,42.161010418181576,-0.6443721551258239
e556.dat,51.61254688845308,-0.6603782513421345
e557.dat,47.409919781032904,-0.6526198258392647
e558.dat,2.8217694164295803,-0.43175834544641606
e559.dat,4.730410602676388,-0.46888364879129607
e560.dat,10.47738658307437,-0.5272486482514668
e561.dat,3.9578249299513923,-0.44983256450977577
e562.dat,8.740836222177753,-0.5210209578601342
e58.dat,0.004159293138717468,0.21960602423831702
e580.dat,3.158082312668119,-0.4183504322683649
e582.dat,9.566940597210007,-0.48654379827278194
e583.dat,7.4474784570900185,-0.47315377567862077
e584.dat,6.804247277535778,-0.46545920403059243
e585.dat,9.788002874569834,-0.4894101452350721
e587.dat,19.26717019242153,-0.5482176616033707
e59.dat,0.0038315136267610354,0.19470957386490598
e591.dat,988.9269134863193,-0.826523250304549
e593.dat,5.106883155260278,-0.4580001317603565
e598.dat,3.770512939085244,-0.43883559889234464
e603.dat,37.6575395607172,-0.6147449570398891
e604.dat,192.86970945448832,-0.7476749087042884
e61.dat,0.012480324678690738,0.135438071909273
e62.dat,0.01514701230149611,0.091609874227904
e625.dat,0.6931054165440422,-0.32703101088621656
e63.dat,0.009861263988757099,0.1281632203146207
e635.dat,4.982345978625778,-0.483885103863112
e636.dat,0.8845037440617339,-0.3313674460293934
e637.dat,1.9169957221539196,-0.379208648878185
e638.dat,4.34384687423305,-0.42841248425101774
e639.dat,12.719993075600195,-0.4853981470291844
e64.dat,0.7698072440211577,-0.3206273750140335
e642.dat,2.661045794899962,-0.4139242471048047
e654.dat,632.0223525811195,-0.8096610241052341
e655.dat,30.935386463516107,-0.5945288104296601
e656.dat,331.36226291661717,-0.7593847350264116
e657.dat,23.411049328415757,-0.5596641503957568
e66.dat,2.5851318021758805,-0.41031244587585186
e662.dat,22.7269052036295,-0.5571145767697733
e664.dat,59.72954841633809,-0.6508938915863192
e668.dat,11.110759629280775,-0.5120320064318644
e67.dat,4.230779001500876,-0.4576119537642907
e678.dat,0.0008526966058337112,0.28092665394939986
e68.dat,7.1871354738326785,-0.5043168071653006
e682.dat,19.500720474481298,-0.5581091644847481
e694.dat,9.121639372374926e-05,0.494488914192058
e71.dat,0.01593971223764909,0.06279047912065766
e715.dat,11.146385822949123,-0.5345587688891519
e748.dat,18.14649446642523,-0.5660841849576854
e793.dat,1.5904988207469475,-0.3869283817235814
e817.dat,28.178131732147907,-0.6107650277283505
e818.dat,4.575326056475188,-0.4713404506943307
e836.dat,45.668858591751444,-0.6595364152367357
e837.dat,30.53405452930998,-0.618183273961057
e838.dat,141.2775956778126,-0.7244126946072638
e850.dat,1.8486187392067956,-0.4137600564253692
e851.dat,1.8987439299664497,-0.4092843372826005
e852.dat,1.705773456022458,-0.3950673435258552
e853.dat,1.6893161565583026,-0.3931769508379855
e854.dat,0.9697572364062481,-0.35082513533796233
e855.dat,0.6286052931991464,-0.310200499881477
e856.dat,0.7242523145082447,-0.3214023880159832
e857.dat,1.6659541981547907,-0.38310228070683966
e858.dat,3.3375679281143906,-0.43048781700075067
e862.dat,1697.682919564271,-0.8782892656665398
e863.dat,5594.839458816233,-0.9604607403558186
e864.dat,24281.393152058135,-1.062201640125765
e874.dat,0.8584996340549207,-0.38114361435803884
e904.dat,52.1760612357392,-0.6800944440948935
e908.dat,0.5479803273453605,-0.29345795721157664
ea61009.dat,2.3730940546123045,-0.44937216961114385
ea61012.dat,11.081703557376562,-0.5505800579242276
ea81006.dat,2.747766195671998,-0.4761124214103638
ebambino7.dat,0.19407211016286968,-0.21040337556466363
ec863914.dat,0.9680462088404562,-0.297865041109912
eh0009.dat,1.8724359421217576,-0.4404553568727337
eh1070.dat,1.2729205645010857,-0.41553059466691233
eh1090.dat,1.898476204923912,-0.43786143568519964
eh1590.dat,1.903647966731733,-0.4352986220719703
eh2010.dat,1.95454678496868,-0.4309494256416203
eh2012.dat,3.7368680045702796,-0.4748031393274775
eh2070.dat,0.2263871968628464,-0.2631086014697556
eh2510.dat,0.35799233459249874,-0.29086173582755354
eh3012.dat,0.30336439373059404,-0.2656704741590578
eiffel10.dat,0.24310681793689376,-0.16666411630876726
eiffel371.dat,0.9960088806859737,-0.3311503638088613
eiffel385.dat,9.86829282115547,-0.5215405571245192
eiffel428.dat,59.281136375373784,-0.6366197191777462
eiffel430.dat,129.94832259132187,-0.6997733318009548
esa40.dat,1.5592881215587622,-0.3972134997226714
falcon.dat,1.8864285712457622,-0.41917967047186544
fauvel.dat,12.213017016395092,-0.551696099818632
fg1.dat,3.141927595031611,-0.40311576699669843
fg2.dat,0.1401032444574983,-0.14912060015924147
fg3.dat,0.05521646597608061,-0.039519833854795725
fg4.dat,0.7907082317829219,-0.2443691715628512
fx049915.dat,200.8179430377277,-0.7033630512071095
fx05188.dat,748.357343125457,-0.8521482899214514
fx05191.dat,822.8707222370604,-0.8588418097656133
fx057816.dat,68.49405763179439,-0.6388762968834606
fx05h126.dat,48.03101476548503,-0.6220665235321663
fx082512.dat,84.92000294502,-0.6752264895902828
fx08s176.dat,47.543549439969,-0.5965602105060376
fx2.dat,4414.115130151309,-0.9356631904334907
fx3.dat,274.7056201944768,-0.6993356410553839
fx38153.dat,210.25076264039697,-0.7351014060205688
fx60100.dat,1.4352386729508337,-0.3696653278844321
fx601001.dat,1.580581479464519,-0.3821856051514899
fx60100sm.dat,1.750052554141854,-0.3876849925589982
fx60126.dat,5.396535279921559,-0.48841900164385826
fx601261.dat,1.2283325409111345,-0.3575776218722577
fx60157.dat,145.19016268126344,-0.7244464175678241
fx60160.dat,6.3340881236336015,-0.4810992274211524
fx60177.dat,550.5970948332745,-0.8235135199857674
fx61140.dat,0.9198422488486929,-0.33846795694806925
fx61147.dat,0.7986774440414209,-0.3200881223019998
fx61163.dat,14.312132461781419,-0.5566813944898317
fx61168.dat,0.6060326409169343,-0.3011596532196007
fx61184.dat,260.6599832314882,-0.7725662465988659
fx62k131.dat,0.5882193706002372,-0.2424783136775128
fx62k153.dat,43.055771891531315,-0.5874364269947898
fx63100.dat,6.425098336872159,-0.4759111187677758
fx63110.dat,6.669062436570631,-0.4851088275255882
fx63120.dat,22.347812877053816,-0.557224829487383
fx63137.dat,98.15383720450143,-0.6588774448372016
fx63137sm.dat,260.66605725573544,-0.7175876277711435
fx63143.dat,0.31097316077257264,-0.2637724645508517
fx63145.dat,0.7490642876415351,-0.28719376873178
fx63147.dat,0.9283465377938792,-0.3338923149720142
fx63158.dat,0.4974516405635475,-0.2597674118113814
fx6617a2.dat,10.43873700234629,-0.5248969341505582
fx6617ai.dat,15.623237522499043,-0.556101408179001
fx66182.dat,11.2062420592359,-0.5300156344817903
fx66196v.dat,33.82470680913977,-0.6142499257257205
fx66a175.dat,1.2126537973622407,-0.3406608548968738
fx66h60.dat,0.6166024381501033,-0.34535926158787567
fx66h80.dat,0.3311550966576896,-0.27337598779689504
fx66s161.dat,0.9128323895007403,-0.3400073407601858
fx66s171.dat,5.672816201100523,-0.48188354247330434
fx66s196.dat,356.39742614542484,-0.7909855607071951
fx67k150.dat,9.211074191127382,-0.44269077375224086
fx67k170.dat,1985.7970196588005,-0.8799674029461053
fx68h120.dat,2.8546680808585756,-0.43663028016990457
fx69274.dat,1269.017145015061,-0.8738036281774102
fx69h083.dat,0.7541403128337579,-0.3331740455224834
fx69h098.dat,2.3572598037050065,-0.45021861785979417
fx69pr281.dat,388815.0516613629,-1.281186134435742
fx71089a.dat,0.8228813555521439,-0.3741789303896917
fx71120.dat,1.1712237157740275,-0.3879326280682337
fx711520.dat,40.64039686701386,-0.6364051665608587
fx711525.dat,30.328098282704833,-0.6162664498487153
fx711530.dat,20.314611709008233,-0.5845949278493087
fx71l150.dat,20.314611709008233,-0.5845949278493087
fx72150a.dat,0.22430005751668658,-0.03426030279141159
fx72ls160.dat,5.946500249997516,-0.30043439246750747
fx73170.dat,76.04155389914182,-0.6465454966185653
fx73170a.dat,1438.3829256980791,-0.8483474041167146
fx73cl1152.dat,2311.7790490929924,-0.8973774728767663
fx73cl2152.dat,704.9429911797907,-0.8073200056122932
fx73cl3152.dat,87018.83289826999,-1.102549852039031
fx73k170.dat,48.714750620870824,-0.6159719079460936
fx74080.dat,0.08224917842029192,-0.06416231764231885
fx74130wp1.dat,14.250298936930632,-0.5206017354740847
fx74130wp2.dat,9.191257011978808,-0.4768541907207416
fx74130wp2mod.dat,7.885685842058799,-0.47406006590306254
fx74cl6140.dat,0.20656158557702528,-0.06874693575405318
fx74modsm.dat,0.1133725322792693,0.018849812441367374
fx75141.dat,4.645545792412101,-0.45676408109042305
fx75193.dat,428.29120575943523,-0.7785008612365537
fx75vg166.dat,1833.3405187658195,-0.9056303132764938
fx76100.dat,2.8491866189269466,-0.4699710052613034
fx76120.dat,3.0837946702325736,-0.4673745029010559
fx76mp120.dat,0.04233920891726975,0.07619290303610465
fx76mp140.dat,9316.06708733659,-0.9443563684746474
fx76mp160.dat,1686.8617239127811,-0.8758957792773945
fx77080.dat,2.4122294419241994,-0.4650920541198421
fx77w121.dat,6.673668805180815,-0.4683921179729129
fx77w153.dat,2.3777072092891762,-0.39453985255477525
fx77w258.dat,2033.909215180915,-0.8996656879727407
fx77w270.dat,445.95174767712825,-0.7715630284440465
fx77w270s.dat,3341.0460183283312,-0.9365823054485506
fx77w343.dat,258470.7834262917,-1.239336761710597
fx78k140.dat,50.06257795340942,-0.6191921575587297
fx78k140a20.dat,21.69982198409616,-0.5478258708146081
fx78k150.dat,47.99997168258985,-0.6191624438435945
fx78k161.dat,1300.3225662755292,-0.8798683531393534
fx78pk188.dat,7770.79620798888,-1.0151125753225214
fx79k144.dat,29.470457647621338,-0.6012608325819748
fx79l100.dat,0.8941468696242441,-0.3700460899634515
fx79l120.dat,1.7934292481827963,-0.4148224937868891
fx79w151a.dat,2.334496128791719,-0.41163052070263667
fx79w470a.dat,1533.8334827848475,-0.8122728849683097
fx79w660a.dat,34.94319302587585,-0.4580765591003851
fx80080.dat,0.752536495053696,-0.3337102374293374
fx83w108.dat,4.2047868620790405,-0.4534638957964518
fx83w160.dat,36.99539241768083,-0.618172305863033
fx83w227.dat,60.38270378166261,-0.6539622950095639
fx84w097.dat,1.1639847432118537,-0.3680160410020539
fx84w127.dat,4.43909559851383,-0.4579894314168287
fx84w140.dat,7.832923805627951,-0.4959861448814998
fx84w150.dat,7.705383796028733,-0.4944626634117562
fx84w175.dat,17.023775372989544,-0.5512100409940894
fx84w218.dat,136.2312362658326,-0.7147486765961267
fxl142k.dat,3.893556725652397,-0.4627486232525228
fxlv152.dat,14.487283678601258,-0.5604819967530581
fxm2.dat,0.04296792596589692,0.0020266654377616516
fxs02196.dat,66.76637887594056,-0.6662292239850752
fxs03182.dat,753.506145178768,-0.8511639898887817
fxs21158.dat,0.6273418382784881,-0.3008272645486093
geminism.dat,3.621519641788994,-0.4644648256423547
giiia.dat,13.584583944521244,-0.5795269812828944
giiib.dat,10.790710327968247,-0.5642159078171364
giiic.dat,8.00998205515307,-0.5418333371262841
giiid.dat,6.768514666428199,-0.5291180550610679
giiie.dat,3.058735292419786,-0.47084308847492845
giiif.dat,2.3644586574192488,-0.45405572732777294
giiig.dat,2.397370258236256,-0.455250871699185
giiih.dat,2.366354675377363,-0.4542508017364563
giiii.dat,0.7154460866775718,-0.3514311753421755
giiij.dat,0.3246721420603662,-0.2802725831353655
giiik.dat,0.46959856310236725,-0.3033106240254991
giiil.dat,0.6189003126073565,-0.3221892309020518
giiim.dat,2.3278453287429866,-0.4116115118773199
giiin.dat,5.006254355973365,-0.4596083014211966
glennmartin2.dat,0.005843591319011409,0.18773979175686525
glennmartin3.dat,14.815698006944999,-0.533701704890564
glennmartin4.dat,9.424137742991569,-0.49319791882765873
gm15sm.dat,1.3117889544566042,-0.3459258169888763
goe05k.dat,0.036788513627883934,-0.10524749486421868
goe06k.dat,0.044803743259098326,-0.06862873646891358
goe07k.dat,0.0012958930132695096,0.2549747883704767
goe09k.dat,0.29282063648555157,-0.30227847817858083
goe100.dat,0.06943735335428859,-0.0910093808239024
goe101.dat,0.12231875613284787,-0.10958714124359555
goe10k.dat,0.16132061502197712,-0.24117420607622225
goe113.dat,0.08754125929023726,-0.11590938882667604
goe114.dat,0.3988450816695623,-0.2588386256049292
goe115.dat,0.7052703613298881,-0.3244697979332486
goe116.dat,0.536607414504465,-0.29164951597575844
goe117.dat,2.689714609560705,-0.4164509321065971
goe118.dat,0.1660989498341039,-0.09277006736742412
goe11k.dat,1.7643256753769636,-0.3867817939482445
goe121.dat,349.22165254904013,-0.7677743096956262
goe122.dat,6.669529786413336,-0.43931555762058405
goe123.dat,0.1696511104816237,-0.09209696168720762
goe124.dat,0.20812826778994922,-0.11113665302268914
goe12k.dat,55.45998861074387,-0.6351052860381584
goe133.dat,49.16544385045343,-0.5997112697770194
goe134.dat,0.3478233563102948,-0.1974628686558757
goe137.dat,28.356688836684093,-0.5511098757923276
goe13k.dat,136.12158600704475,-0.6552135469644154
goe14.dat,0.23402483202644006,-0.09067826856232493
goe140.dat,0.14912209894368392,-0.08794429696039287
goe142.dat,19.046582858787538,-0.5342831181202998
goe143.dat,43.0542187486003,-0.5997186087081414
goe144.dat,5.202283573276328,-0.45747303744347156
goe147.dat,0.7976373354451399,-0.33315830019895093
goe14k.dat,99.03933244226722,-0.6884212620094553
goe15.dat,0.05217726615726318,0.04714326254244514
goe155.dat,0.8526430041403079,-0.2342149186025677
goe15k.dat,382.08950599208936,-0.7774408552066391
goe164.dat,0.07228139994206102,-0.010058705725387909
goe165.dat,0.08865740748479004,-0.09082688169769362
goe167.dat,37.895082545374294,-0.5730879610010703
goe16k.dat,1227.9883615105105,-0.8508452106785128
goe173.dat,0.09060125002632129,-0.03399393407147452
goe174.dat,0.11634214838287048,-0.06706193452656561
goe176.dat,0.1617875149396889,-0.11632077939154585
goe177.dat,0.33481352938268466,-0.17032656249616426
goe178.dat,35.27001859146774,-0.604890816069827
goe180.dat,48.88359366307267,-0.6120433965322187
goe182.dat,957.9280166516189,-0.8399065256528692
goe184.dat,998.0071636332825,-0.8418777952621894
goe187.dat,0.10355080409621603,-0.06639005181842726
goe188.dat,0.05814072484417552,-0.032408457160246824
goe190.dat,2.9920487932284865,-0.4091440092533844
goe195.dat,16.976315173907178,-0.5261821692038658
goe198.dat,0.21341015647204373,-0.09376495799880849
goe199.dat,0.15188290245780162,-0.09138952489056257
goe207.dat,0.14103620651989068,-0.06363712919479556
goe210.dat,0.09581009478775238,-0.07153391141140528
goe217.dat,1.0711696140309972,-0.31868405800029054
goe222.dat,1067.195038763915,-0.8206566060288312
goe223.dat,4.625172961007383,-0.43189356949164426
goe225.dat,108846.13801828268,-1.1614086460938569
goe226.dat,380275.9714415754,-1.2568957898807185
goe227.dat,408612.9387123299,-1.260670346491034
goe228.dat,30421.74007357065,-1.0661761364907403
goe229.dat,2.8024109198218126,-0.4038399871608639
goe233.dat,1739.9063621186776,-0.8655000708456856
goe234.dat,6580.867728269754,-0.9312762764833735
goe235.dat,33.34232221598599,-0.5736595468578796
goe238.dat,17.572164193145937,-0.4763405808481976
goe239.dat,599.0834869593842,-0.805622368193213
goe240.dat,0.1756455268839533,-0.10474502155226283
goe241.dat,0.36118659758317406,-0.06931559384954897
goe242.dat,19.72245957639196,-0.4171553601592288
goe243.dat,1.0672643980447072,-0.15874504041522403
goe255.dat,4.341372288660141,-0.45242880967687504
goe256.dat,21.883401492440093,-0.5618565335218313
goe257.dat,3.4253089879045766,-0.38282007834780146
goe264.dat,45.71708975704965,-0.5502380184288655
goe265.dat,14.626657261313248,-0.43441691835391766
goe269.dat,48.98431211004768,-0.5669172547309446
goe274.dat,0.044365738092424244,0.009713386760965285
goe275.dat,0.04305008351602246,0.00407606932318389
goe276.dat,0.07252834663700661,-0.05851971109773968
goe277.dat,0.3673228905947079,-0.18652072969891062
goe278.dat,0.13404575152336395,-0.10145352422402075
goe279.dat,0.043844373201305256,0.0037092735188611167
goe280.dat,0.07318213544944828,-0.03751722899478657
goe281.dat,0.1207441675477906,-0.08343896458583992
goe282.dat,1.6923612983693106,-0.3065006149083005
goe284.dat,8.047629116121193,-0.4874223744175421
goe285.dat,6.5104572108841525,-0.4845809141430493
goe286.dat,67.87939138183299,-0.645389652872027
goe287.dat,16.13947341788326,-0.49040868853764447
goe288.dat,1.9780270563843974,-0.38404388440601717
goe289.dat,13829.109615086822,-1.0401171289237525
goe290.dat,0.5462468942103914,-0.2912316976903267
goe298.dat,355.91560334369996,-0.771794538298983
goe29b.dat,0.20988678671570107,-0.09076460904390629
goe300.dat,0.6867420006674573,-0.18980359540256506
goe301.dat,0.098046392104871,-0.027253620734696803
goe303.dat,2094.749348349371,-0.8614927089457389
goe304.dat,0.18329967962694704,-0.08089528592643225
goe308.dat,12.40696490565662,-0.4624061667725641
goe309.dat,7.251466436362859,-0.43604129761426835
goe310.dat,3.6864576662838964,-0.44331319876056474
goe311.dat,983.532786838602,-0.8283728374024721
goe314.dat,0.42261644988195657,-0.18619002181125727
goe315.dat,34.56561908477975,-0.5655463668267974
goe316.dat,9.939701444626841,-0.462249611899462
goe318.dat,55.02290068236273,-0.6294514415995275
goe319.dat,1.8157496354375213,-0.27986645016847556
goe320.dat,0.5002942448144371,-0.15756067349292216
goe321.dat,144.06212494943506,-0.6620056303771815
goe322.dat,225.89849304642178,-0.67509093519117
goe323.dat,59.360093230418514,-0.5870670679041317
goe324.dat,6.146586173211142,-0.3879464764940496
goe325.dat,1.3598508573294437,-0.2863398398928306
goe326.dat,0.3268013864388544,-0.16691371933009108
goe328.dat,30.777570955799966,-0.5484436451497755
goe329.dat,0.22047926570007506,-0.11279021275886683
goe330.dat,0.13820419129922434,-0.06842986086367493
goe331.dat,0.09457618117275195,-0.01091121079232744
goe332.dat,70.98356288914202,-0.5611128281276135
goe335.dat,0.07313847689576658,-0.04257294101146019
goe336.dat,2.850259162160395,-0.3337746067794267
goe342.dat,0.14855349820926758,-0.06992407338971869
goe344.dat,1.4865046626315506,-0.38347500052573513
goe346.dat,0.09832450790618735,-0.08619619234731342
goe358.dat,5.5055810647430246,-0.4630951601173168
goe359.dat,0.09339995254062351,-0.038432558268897674
goe360.dat,0.2021550584790647,-0.10204475237798828
goe361.dat,0.10950967117355287,-0.0591782646529062
goe362.dat,0.07442647328857868,-0.03294771761285471
goe363.dat,0.3604938396830548,-0.1508360480825794
goe364.dat,0.04537798721847251,0.04625799599516929
goe365.dat,0.07618195000341949,-0.027299320205352653
goe366.dat,0.063017281932139,0.0437846077732333
goe367.dat,15.15260572701704,-0.5390768967007392
goe368.dat,0.14140006822246035,-0.18170962063351798
goe369.dat,0.0694795308647887,-0.022717245927102243
goe370.dat,0.07454315892766204,-0.03111942540886642
goe371.dat,0.07058218183985596,-0.04275381136424366
goe372.dat,11.901809233112012,-0.5236426331235465
goe373.dat,0.06761111033678109,-0.022374961836928758
goe374.dat,0.055210790755724666,-0.02211121497744474
goe375.dat,0.05815546040367471,-0.023008145480243627
goe376.dat,0.06416734118117026,-0.02569074762659927
goe377.dat,0.316307522855799,-0.19451394484703982
goe379.dat,0.06039845405176259,-0.015619721351013789
goe380.dat,0.041648483877877604,0.022841271634587053
goe381.dat,0.10552966785503826,-0.051038332508638096
goe382.dat,4702.7775369179635,-0.9424319343246357
goe383.dat,516.2449230545233,-0.7953336898619796
goe384.dat,1295244.535480073,-1.3447962933643467
goe385.dat,5.677405903887482,-0.4231865949555982
goe386.dat,20.569388007156597,-0.5547273545911815
goe387.dat,249.69180235614493,-0.7356420831383075
goe388.dat,92.13569794712777,-0.6230489022853659
goe389.dat,6.576400763797475,-0.4716244253204968
goe390.dat,1228033.3087499477,-1.3448588525983156
goe391.dat,0.007590698119010831,0.088820300560924
goe392.dat,0.023153817447183943,0.04184321845293078
goe393.dat,113.35849878715753,-0.6895073639577497
goe394.dat,431.44981370461386,-0.735601997242057
goe395.dat,0.166733359962745,-0.07612093048526636
goe396.dat,0.05823907407700103,-0.00802621763108571
goe397.dat,3.2791780733099447,-0.38042168783249863
goe398.dat,5.333743249565055,-0.4668464263501353
goe399.dat,83.93118279268313,-0.6433274165314024
goe400.dat,757.2815454152693,-0.8244431510136365
goe401.dat,77.30908966012099,-0.6104229389730536
goe402.dat,0.0821995441711674,-0.03088531161359164
goe403.dat,11.407144081886358,-0.49876767452518694
goe404.dat,426.54470142172033,-0.7827164576150881
goe405.dat,0.010805455876656347,0.16020882180211524
goe406.dat,1.0646967898035542,-0.23333858769481985
goe407.dat,0.21676152381785205,-0.13101630748346915
goe408.dat,67.28500469827236,-0.6433412462924775
goe409.dat,26.077840184553594,-0.6273067537495111
goe410.dat,3.0026979471704576,-0.43862512442657553
goe411.dat,11.872381748138059,-0.5659020914242281
goe412.dat,13.921688478392243,-0.5323958141068885
goe413.dat,3.93250761494246,-0.44262707992100336
goe414.dat,6.6472161978222735,-0.4793741746655969
goe415.dat,0.17091253269402262,-0.15286063558515273
goe416a.dat,3.6497616522510152,-0.4682484892041464
goe417.dat,0.05004600416790311,0.017405377985446793
goe417a.dat,0.017170446331148215,0.09529743963704405
goe418.dat,969.8447206668301,-0.8474813945889558
goe419.dat,0.020299455748478374,0.032459234456618476
goe420.dat,12.655503470424064,-0.5357312243991137
goe421.dat,8291.489132607121,-0.9670114129781593
goe422.dat,14935.82454865271,-0.9775267822211626
goe423.dat,8.443166965887773,-0.48980880728412113
goe424.dat,1.518134298894215,-0.35649509688918357
goe425.dat,3.148127701632639,-0.41834187778163845
goe426.dat,20.730832632582494,-0.5569498347808615
goe427.dat,0.024332567407339193,0.05714398888906464
goe428.dat,0.07257138086974793,-0.030861608293657992
goe429.dat,0.8890062687197581,-0.36329007350501885
goe430.dat,12.29431471454131,-0.5342644260187269
goe431.dat,0.00234763881640783,0.28303662526009754
goe432.dat,0.034355834367844874,-0.006047382195571617
goe433.dat,7.143243086251964,-0.48731149453575573
goe434.dat,16.89138935206926,-0.5457197770428832
goe435.dat,188.9176022033512,-0.7252678333393352
goe436.dat,11.197095674068475,-0.525822873837883
goe437.dat,0.06366614120220299,-0.0339353042276902
goe438.dat,12.598361644140981,-0.5337283661758545
goe439.dat,0.07809008062892063,-0.03815245585003487
goe441.dat,71551.55139141488,-1.0985129177721316
goe442.dat,0.03363154582579875,-0.0027097912276562537
goe443.dat,1.0248015760163522,-0.4010749231869737
goe444.dat,1.4438728223727624,-0.4243768516473297
goe445.dat,2.274303419223246,-0.46022033031673476
goe446.dat,2801.3613166890727,-0.8530757498960029
goe447.dat,0.125534612630747,-0.0021397997972423784
goe449.dat,20.995166776605945,-0.5613170784963893
goe450.dat,131.84507072976652,-0.6461363260328813
goe451.dat,0.05614715214353438,-0.004648180080777758
goe456.dat,0.038260257614108624,0.01527741545933427
goe457.dat,0.13492595251820005,-0.12127147549892911
goe458.dat,0.03702024622132526,0.01802283094667576
goe459.dat,8.883551946418267,-0.5451313801494195
goe460.dat,7.396244895000139,-0.5080338241427373
goe462.dat,0.12141205342920457,0.014754369095385902
goe464.dat,0.04695662126462222,0.06115465535216867
goe474.dat,3.052192923589327,-0.4449401362157792
goe476.dat,666.257261778411,-0.8185173790314864
goe477.dat,25.331932862833202,-0.5764153285944656
goe478.dat,11.521913517802723,-0.5203109614213299
goe479.dat,6.748989425436428,-0.48990548759029084
goe480.dat,4165.327347562494,-0.9439370579733025
goe481.dat,0.034801789940681865,0.09522261195742321
goe481a.dat,254.17699902032106,-0.7462512709521344
goe483.dat,0.09065987503198637,-0.04257474858163003
goe484.dat,285.26144088319046,-0.7353799870969251
goe488.dat,2.867432038446919,-0.42271174646491566
goe490.dat,2.8810253622844635,-0.4251661151431634
goe491.dat,1.830675964727877,-0.4021410510707866
goe492.dat,0.5953899886603099,-0.29807373848410157
goe493.dat,10.126954389495191,-0.5297042101681086
goe494.dat,0.04559998681860085,-0.009258499184629976
goe495.dat,7.838240511260337,-0.46116231082075043
goe496.dat,10.137102112870485,-0.5177272974690085
goe497.dat,10.2528910473515,-0.5193968260190063
goe498.dat,8.446224943167648,-0.49891825160438125
goe499.dat,0.01294475679036565,0.11137337214266863
goe500.dat,162.7702153971489,-0.7160702327563654
goe501.dat,30.867915171470585,-0.5889032757248378
goe502.dat,10.38937039524465,-0.5092218415430522
goe503.dat,137677.83912362249,-1.176252460202994
goe504.dat,2.8588914602965683,-0.40509919950627266
goe505.dat,1.3107498127167418,-0.27887826231311746
goe506.dat,7.526113975962873,-0.4545320170585676
goe507.dat,2.4454033423512893,-0.42398159001620755
goe508.dat,1020.6186693008405,-0.8363372229565483
goe509.dat,65.96670813135935,-0.6243398523438252
goe510.dat,116.32844193136883,-0.6325252079894873
goe512.dat,0.0022897493377119723,0.18710432648913056
goe513.dat,2.309865348611897,-0.39469487414831905
goe514.dat,8.527191904571032,-0.48151552693224675
goe515.dat,3.095971678891598,-0.44442704355378476
goe517.dat,0.029356991714819432,0.021971078296562183
goe522.dat,8.266193869341988,-0.49624345595397323
goe526.dat,9.552247131067494,-0.5127640366471548
goe527.dat,498.81918576629823,-0.7923149310868557
goe528.dat,431.9949814429433,-0.7069430009486614
goe529.dat,267.6097772647289,-0.6881557930978102
goe530.dat,342.9973618909545,-0.7629562139398183
goe532.dat,33.97007890510489,-0.5969769386790125
goe533.dat,13.292374731019127,-0.526595486960034
goe534.dat,5.196832627528571,-0.46521187470935377
goe535.dat,148.37789393315683,-0.704640540097602
goe54.dat,0.1395829013828776,-0.12183625777332331
goe546.dat,3.872560969095361,-0.45131162993756657
goe547.dat,6.549154922867896,-0.4855937906277016
goe548.dat,6.131645024674453,-0.5024611002420554
goe549.dat,6.191162175047748,-0.4725568177519299
goe55.dat,0.33390163232112946,-0.2616149154960305
goe550.dat,13.072668835984647,-0.5451283041147822
goe553.dat,10.782299905485786,-0.5121668352056429
goe559.dat,0.03506238046119857,-0.028709252485460288
goe562.dat,0.04256805110317761,0.05017511715186013
goe563.dat,1.0588911589890948,-0.36437988625402234
goe564.dat,1.7171637551071202,-0.3962952553194424
goe565.dat,1.0902276199346785,-0.36256811457036514
goe566.dat,1.2947937313771334,-0.37530859033004693
goe567.dat,3.6866549639879973,-0.43967775122221536
goe57.dat,0.10173719582525204,-0.05847121350154083
goe573.dat,3.5876239616702974,-0.2962197496193961
goe574.dat,0.052110116238665294,-0.03344998652588476
goe575.dat,7.596764460010253,-0.4950022526264282
goe584.dat,23.68631040048771,-0.5724180226411781
goe585.dat,3.835722093571169,-0.45330956747992746
goe587.dat,0.8846892254684567,-0.33567209027623857
goe590.dat,1.345091378770929,-0.3135983786909955
goe591.dat,246.48935020688717,-0.7299135636260021
goe592.dat,11132.160877309285,-0.9341379715807736
goe593.dat,6.1204940654470965,-0.48360479651259175
goe595.dat,1.0238034371444333,-0.3495156556049152
goe596.dat,31.208650457078928,-0.5965026143361674
goe598.dat,1.3771950512466202,-0.4239701717686511
goe599.dat,3.0975592039619153,-0.46360959669361673
goe600.dat,3.2200932546933423,-0.45550051149256376
goe601.dat,15.789555033044335,-0.5656869796102733
goe602.dat,2.3387332703987345,-0.4053101303483421
goe602m.dat,2.1407260761745017,-0.3910918698647005
goe604.dat,1.5443243232594117,-0.36862276700057456
goe610b.dat,40.87069150039583,-0.5449034706064841
goe610bm.dat,0.17339127619628122,-0.09458262940483615
goe611.dat,0.07788314092405442,-0.011765571048184431
goe612.dat,7.722853450928605,-0.4915087384075773
goe613.dat,6.407942860810897,-0.4328315773752768
goe614.dat,931.1451761014064,-0.8411803329321742
goe615.dat,1127.9380442052332,-0.843959705913291
goe617.dat,2.946221513337988,-0.4497091063477376
goe619.dat,5.1604519943483655,-0.47036115569001796
goe620.dat,344.03740956730206,-0.7646219991825159
goe621.dat,7.759025277786021,-0.491694311126924
goe622.dat,0.47636413930053517,-0.30989931666719917
goe623.dat,2.5658703874465774,-0.4210372333490865
goe624.dat,7.833366130520874,-0.49009259825405155
goe625.dat,24.351354108105756,-0.5710031706380043
goe626.dat,201.3069825780399,-0.7471480127735372
goe627.dat,1.9349262175062196,-0.38737463527069244
goe628.dat,2.682561099934512,-0.4145316963412923
goe629.dat,6.351881301235968,-0.4919025511111076
goe63.dat,0.16072380960522661,-0.06683809841670242
goe630.dat,0.060862544623442406,0.0510505577481711
goe632.dat,4.144005354504267,-0.44243020488481216
goe633.dat,4.242873760465382,-0.454424569261684
goe645.dat,2.7687949430476655,-0.4228097344826549
goe646.dat,12.43480154170531,-0.5358384074690105
goe647.dat,2.928028769071287,-0.41650709835874145
goe648.dat,2.252834178001621,-0.4079044570011167
goe650.dat,17.61911306240266,-0.5655120271727176
goe652.dat,54000.13420226956,-1.056835268669646
goe654.dat,286.9176027831464,-0.7409401797086834
goe655.dat,2.403386299004155,-0.4061798487749555
goe670.dat,10.670352846495044,-0.5245049301649026
goe673.dat,1.0103782726697754,-0.35602413069729405
goe675.dat,941.3198744220622,-0.8352338037885809
goe676.dat,0.9581135301527038,-0.36631221241537953
goe677.dat,0.6642781405653814,-0.3311084049052639
goe679.dat,5.182874310138714,-0.46582081511791906
goe681.dat,4.601600875125513,-0.45461895203617597
goe682.dat,8.288454940252702,-0.5022623208812727
goe683.dat,1.2389358979273268,-0.35721921225280034
goe685.dat,12.214636824293082,-0.5422900312323913
goe692.dat,14.08734682655667,-0.5358921917231948
goe693.dat,4.000750276914462,-0.45267854894858117
goe701.dat,27.235274363946715,-0.5911596816048936
goe702.dat,6.699846610581731,-0.48075948717564887
goe703.dat,6.95808978211391,-0.5039866195190336
goe704.dat,0.9446611577253948,-0.3486480450009926
goe711.dat,0.01715980951744793,0.12097992515547754
goe723.dat,3.933859217213389,-0.442842059360774
goe735.dat,3.211309883982741,-0.4226961297350339
goe738.dat,2.9241885687798836,-0.4432346782998351
goe741.dat,9.471719499248662,-0.5023388381713157
goe744.dat,3319.4604177841884,-0.9043885926805221
goe746.dat,4.512276954942779,-0.39680091660738437
goe758.dat,6.268625119314373,-0.4728391074263381
goe765.dat,15.983578740984411,-0.5726428425065385
goe766.dat,0.9134389917836515,-0.36496443456294425
goe767.dat,0.15125078608321432,-0.21404352747618755
goe769.dat,94.39457783121277,-0.6704214628685987
goe770.dat,6.501158572145501,-0.4874554245827748
goe775.dat,2.0164219426165197,-0.4047505771826764
goe776.dat,2.7828622711044853,-0.42010787637818475
goe777.dat,3.3690719941882024,-0.4143946654991543
goe780.dat,41.009298900503076,-0.6428488318857227
goe79.dat,0.11443078301253139,-0.054547009437242625
goe795.dat,0.8616309179508311,-0.35260010401819186
goe795sm.dat,0.7509027574894915,-0.3409959057376119
goe796.dat,5.127131114463954,-0.472103412475849
goe797.dat,14.374631507521427,-0.5362414109348822
goe798.dat,50434.32507705027,-1.1315236655886578
goe801.dat,0.20560317287693178,-0.09337977400289107
goe802.dat,0.20560317287693178,-0.09337977400289107
goe802a.dat,0.2523172040552316,-0.10699572579148459
goe802b.dat,0.2679109519974842,-0.10703634779661293
goe803h.dat,0.12112282570467627,-0.04958361042870589
goe804.dat,0.004705460199312554,0.2080110427783379
goe81.dat,0.1253100798258962,-0.05268087208215858
goe92.dat,0.11758984788084811,-0.060633223007738685
griffith30symsuction.dat,4.699411500669613,-0.32309187408558615
gs1.dat,4.223904580894396,-0.45588505517360334
gu255118.dat,0.052704616343060555,0.04012490900739405
hh02.dat,2.4285523749003293,-0.43581845502284894
hobie.dat,4.0643841940216605,-0.4516335666127797
hobiesm.dat,2.645950772743548,-0.4306092655484564
hor04.dat,0.4585078064468748,-0.2998809542985536
hor07.dat,3.8510536419017756,-0.43745450184837537
hor12.dat,1.4532264389606622,-0.3751265949957447
hor20.dat,4.649065076826743,-0.4537273393581512
hq010.dat,2.8702144487076744,-0.4611545943526235
hq07.dat,1.0880629097422625,-0.4039351553961645
hq09.dat,1.1834960644720736,-0.40326369071162615
hq1010.dat,3.3907004337493856,-0.4741677146427124
hq1012.dat,6.290380157109876,-0.513682857181542
hq108.dat,1.6714415143056542,-0.429391765242122
hq109.dat,2.303722040946699,-0.4491674268729831
hq1510.dat,3.8650333528005683,-0.48325672918973095
hq1511.dat,5.479926366475334,-0.5058712030566107
hq1512.dat,6.984383193483616,-0.5210717469355118
hq158.dat,1.4840498541059264,-0.4162188229553561
hq1585.dat,1.7934435249983827,-0.42803992250955136
hq159.dat,2.5655003998446784,-0.45557165965837126
hq159b.dat,2.6601706637278415,-0.4583154255952048
hq17.dat,19.315179966454536,-0.5358630886088377
hq2010.dat,1.8690055299916255,-0.42185574490380506
hq2012.dat,6.75143072217145,-0.5174009326271911
hq208.dat,0.3088545268506013,-0.27231284154675006
hq209.dat,0.7200917267579507,-0.3447628055593566
hq2090sm.dat,0.7766172052072399,-0.35099798990449066
hq2195.dat,0.7976012419045803,-0.3441740748623017
hq2510.dat,1.112251053606938,-0.36118193242709645
hq2511.dat,1.4158333205320486,-0.3859406708601619
hq2512.dat,2.1255383605336013,-0.4200630707422258
hq258.dat,0.3715022956449605,-0.2672948500380284
hq259.dat,0.8262648758644793,-0.33543073176563926
hq2590sm.dat,1.1665942090323917,-0.3650041654556017
hq259b.dat,1.1665876171879566,-0.3650037061801053
hq300gd2.dat,4.154893338813275,-0.43704786563604237
hq3010.dat,1.6761406231329081,-0.38309404105476763
hq3011.dat,1.9183605602023346,-0.39685486099091605
hq3012.dat,2.6951994094639553,-0.4249188101810707
hq3013.dat,3.2580688437204453,-0.44168497557454933
hq3014.dat,4.258213471922534,-0.4637769711236495
hq3015.dat,6.205674506217061,-0.4927643235264832
hq308.dat,0.17406346493942487,-0.17761586618314906
hq309.dat,0.9075316779129355,-0.3273361487041252
hq3510.dat,4.2917390645218845,-0.4348464089668351
hq3512.dat,3.582246522486534,-0.4382323549710721
hq3513.dat,3.560157568407864,-0.4400174956126675
hq3514.dat,5.4423514058719675,-0.47370120672566435
hq3518.dat,16.77786978647525,-0.5588792115899933
hq358.dat,0.03544332429931355,-0.02035619645736623
hq359.dat,0.2925060763514078,-0.2006096890256669
hs1404.dat,0.17814557259733158,-0.1999434245593629
hs1430.dat,8.134193609033943,-0.4747006075428144
hs1606.dat,2.4640837864512344,-0.39608469691293563
hs1620.dat,29.236435913553976,-0.5834855222815927
hs1708.dat,21.556017889859465,-0.5649070526771127
hs1712.dat,6.948314855491282,-0.46010351102100155
hsnlf213.dat,89.09355690132631,-0.6934326585697701
ht05.dat,0.2980020804224863,-0.30146286470840516
ht08.dat,1.2075917708947337,-0.4210839320718401
ht12.dat,0.8884584800903529,-0.39946975799967127
ht22.dat,0.10168059699529049,-0.21929394901369062
ht23.dat,0.1868671790308036,-0.2684235791524618
isa571.dat,2.5132921967921837,-0.39549038248641927
isa960.dat,4.783357100843367,-0.45542323054377304
isa961.dat,4.627558532907048,-0.45147337049881214
isa962.dat,624.1961546517381,-0.7965242326145665
j5012.dat,16.917573309168656,-0.5974759302358889
jn153.dat,0.05161642874691825,0.07696028285232254
joukowsk.dat,0.6802760790322679,-0.34244179397722013
joukowsk0009.dat,0.422956307891666,-0.3199015718593493
joukowsk0015.dat,1.6443072900862938,-0.3992225664229949
joukowsk0018.dat,2.6667796999739193,-0.42852024780918363
joukowsk0021.dat,4.405286080713221,-0.45993399081886965
k1.dat,26.588776148916743,-0.6154425349263445
k2.dat,2.809340202289705,-0.43016234537684955
k3.dat,232.32820713603584,-0.75234918731144
k3311.dat,2.029874266358295,-0.3989188100637404
k3311sm.dat,1.9772241528974248,-0.3986191241342218
kc135a.dat,5.659467112059961,-0.492447134752783
kc135b.dat,0.6921229220493775,-0.3278506187339835
kc135c.dat,0.8428810012839578,-0.33724373672753394
kc135d.dat,1.3173430896503422,-0.3661908564386199
kc135winglet.dat,0.23780335755239104,-0.20488243733881217
l1003.dat,1801.3350797034725,-0.7927933308061774
l188root.dat,11.399864680706974,-0.5466860661532403
l188tip.dat,4.647258693236973,-0.4642143441283012
l7769.dat,27.733632415447985,-0.58223904663301
la203a.dat,10566.292357517092,-0.9884741378028215
la2573a.dat,6.2167543867012816,-0.4702457485439606
la5055.dat,2679.1493438440943,-0.8818442454064316
lds2.dat,2.063382181564972,-0.4226643231343622
lg10sc.dat,6.502694212331051,-0.5296878435794774
lnv109a.dat,2156.313470900994,-0.8564581777969916
lrn1007.dat,0.0447452848101087,0.024931630262923235
lrn1015.dat,9.4042602176185,-0.4313007065339867
ls013.dat,18.750051057078927,-0.5855689855913377
ls413.dat,6.243212233252811,-0.48813080924756
ls413mod.dat,2.1755664024152774,-0.41509425023694546
ls417.dat,56.35091108686506,-0.6539464741087747
ls417mod.dat,5.412738846519665,-0.48218373708977647
ls421.dat,809.808515312118,-0.8510630226583388
ls421mod.dat,43.06292918757005,-0.6351936460643113
lwk79100.dat,0.636831371494871,-0.34109549248970134
lwk80080.dat,2.074219097656602,-0.4412475273273255
lwk80100.dat,7.995299453776614,-0.5327745922875832
lwk80120k25.dat,33.18046325785472,-0.6321957781120374
lwk80150k25.dat,226.96141107140596,-0.7656152400457578
m1.dat,1.5508481777041483,-0.432518958142772
m10.dat,0.14578812141895592,-0.22062155257922791
m11.dat,0.35890469924702395,-0.2894819107032598
m12.dat,1.0337967198900877,-0.3722874450718961
m13.dat,39.9346695257195,-0.604134141219921
m14.dat,38.49372670808485,-0.604252327611397
m15.dat,5.744611837270489,-0.4707351627292635
m16.dat,24.708059518648504,-0.555672997852357
m17.dat,23.682923869075836,-0.5693269223867753
m18.dat,5.465778957420299,-0.46387802781348664
m19.dat,0.1613958705118907,-0.0977802951525859
m2.dat,3.4355190264014626,-0.4885673882208535
m20.dat,0.2543487171732439,-0.13449769363929934
m21.dat,550.5131060598758,-0.7666010619292853
m22.dat,0.23402013147105044,-0.1317746742970331
m23.dat,0.3389727542387754,-0.15969661580109615
m24.dat,180.0855974771585,-0.6739230752023077
m25.dat,0.1978358763236733,-0.09129028977573293
m26.dat,0.2747143729755153,-0.11343292446468424
m27.dat,0.40392303883454655,-0.13734540751266594
m3.dat,8.998681230205579,-0.548749590743293
m4.dat,0.3667227110094462,-0.2815905482683948
m5.dat,0.2801601914746217,-0.26165563042150347
m6.dat,1.049778986713568,-0.369169776400177
m665.dat,2.184400313717971,-0.44750698048547244
m685.dat,1.8038565635542223,-0.4186297403473872
m7.dat,0.20703445592705783,-0.14833361728589906
m8.dat,0.5460999601832851,-0.163384849322631
m9.dat,19.718039046924233,-0.47445927642811303
ma409.dat,0.8388986909616281,-0.3374878833072519
ma409sm.dat,0.9032010979945274,-0.34234669607725476
marske1.dat,0.7881011355427573,-0.32923397206804156
marske2.dat,1.2680269043211143,-0.3833482285100601
marske3.dat,3.2637784496763897,-0.45538168589711797
marske4.dat,0.16735868677904353,-0.20112240765779793
marske5.dat,0.2548201897054979,-0.2309347801760747
marske7.dat,83.2130649573091,-0.6874758926520553
mb253515sm.dat,9.14141923838876,-0.5349744910649659
mh102.dat,1.7457906232179266,-0.38889248836454193
mh104.dat,1.4912286979328506,-0.3906621528575317
mh106.dat,1.378279624241642,-0.3937406372994487
mh108.dat,1.2473984936436684,-0.3906310245514094
mh110.dat,1.4122771012437318,-0.4015843902270464
mh112.dat,10.816358016256864,-0.3691285309215508
mh113.dat,34.97851694339755,-0.481257786385441
mh114.dat,0.15739203312479866,-0.046518624924716805
mh115.dat,0.026955319296135864,0.050812863367704984
mh116.dat,2.852859817128276,-0.41712781821689354
mh117.dat,1.0305631490237963,-0.36594945617785624
mh120.dat,0.4874558307479751,-0.303833118030673
mh121.dat,0.47532719528682627,-0.2802952480244257
mh122.dat,0.8837754004269786,-0.3180831338063998
mh150.dat,21.203117535284633,-0.5632568824059221
mh18.dat,1.7880190779230392,-0.41254627080714756
mh20.dat,1.5604125080546871,-0.417560045894763
mh200.dat,26.708199088834128,-0.6180575721612862
mh201.dat,4.24652657464636,-0.4605100220365919
mh22.dat,0.26933477348097484,-0.28653364609011656
mh23.dat,9.457694823802399,-0.5549404481369701
mh24.dat,21.644197887328776,-0.610279749776061
mh25.dat,38.86498529321626,-0.6449123216503575
mh26.dat,59.28890237825288,-0.6663313940215707
mh27.dat,78.01986525726042,-0.6762505720383357
mh30.dat,0.6041998564827152,-0.34049999737840986
mh32.dat,0.44758428346787094,-0.2993956013326213
mh33.dat,1.6871514998981751,-0.4321823316909823
mh38.dat,1.7014198245062353,-0.3864048773098959
mh42.dat,0.4131942507958791,-0.31429584425903084
mh43.dat,0.4479402941555535,-0.32274723719761944
mh44.dat,1.35074167068118,-0.4084070545221769
mh45.dat,0.677719514432709,-0.35100621058741277
mh46.dat,0.849764667957129,-0.373821441437682
mh60.dat,0.811579746653521,-0.3640467735468232
mh61.dat,2.3679853456672366,-0.448850828976351
mh62.dat,0.6603065901904258,-0.351223349877378
mh64.dat,0.5333405312623234,-0.33770685186468896
mh70.dat,0.8134186002823284,-0.3380676651701515
mh78.dat,6.5925239337624015,-0.504375733842003
mh80.dat,0.3403418554505403,-0.2776421870392113
mh81.dat,0.22410305921966597,-0.23162557124000252
mh82.dat,1.026677435819819,-0.34044818682656997
mh83.dat,11.135578832947896,-0.5082999855432639
mh84.dat,3.717344077087303,-0.43348370722490404
mh91.dat,8.19971964255201,-0.5258212524303753
mh92.dat,11.084455020305526,-0.5468321220859695
mh93.dat,15.13266053172249,-0.5685230193100262
mh94.dat,35.33538614859626,-0.6363375781908536
mh95.dat,131.494347817849,-0.7379912705979951
miley.dat,45.49679430930802,-0.5844209556694907
mrc.dat,8.957563130964056,-0.500393459769175
ms313.dat,16.402226370618596,-0.5755824101539774
ms317.dat,101.4550286583421,-0.7063734600358066
mue139.dat,48.59003638990085,-0.6241697168042775
n0009sm.dat,5.046511488085746,-0.5170718714205034
n0011sc.dat,46.19430108038577,-0.6554651989764155
n0012.dat,3.3137410350008762,-0.4728171477714724
n10.dat,2.868859865429732,-0.4241946837817899
n11.dat,8.81541379734743,-0.5010448314137703
n11h9.dat,0.7055670620504221,-0.25266685345761497
n12.dat,7.871465155371745,-0.5449156179987639
n13.dat,15.382933791683152,-0.590269860894766
n14.dat,29.734878036874576,-0.6399822945012171
n1h15.dat,226.985770442955,-0.7010166991747228
n22.dat,4.271269478022462,-0.4547214809464509
n24.dat,6.104031590769521,-0.47103550930920735
n2414.dat,1.7615487172304303,-0.4063503317663391
n2415.dat,1.9266933318985464,-0.41107916240620573
n2h15.dat,2812.093092091751,-0.9033630479454128
n5h10.dat,15.564055012214695,-0.5799914693385712
n5h15.dat,17.550090384269012,-0.5663955993585681
n5h20.dat,348.5536324844779,-0.7607470884669532
n63010a.dat,2.4266376810727626,-0.4515529840492929
n63012a.dat,4.32423054591874,-0.4876704700822242
n63015a.dat,7.350186691881829,-0.518379803742627
n63210.dat,2.8872692524765537,-0.46075762921699215
n63212.dat,5.80371097728568,-0.5065701937889707
n63215.dat,13.359835613323835,-0.5606384285666998
n63215b.dat,16.34079370391683,-0.5750436446862696
n63412.dat,3.8746128768206645,-0.47406292515898646
n63415.dat,12.92852318401037,-0.5583427242497385
n64008a.dat,1.7187664324679253,-0.4350882506842545
n64012.dat,6.78345830604452,-0.5181853677961031
n64012a.dat,5.413326769931659,-0.5035685910833447
n64015.dat,15.970749007452357,-0.5733536334896833
n64015a.dat,11.081131413228826,-0.548449081921055
n6409.dat,1057.2200349777877,-0.8088703705673268
n64108.dat,1.4431840367474993,-0.4176675218134447
n64110.dat,3.3899944383325638,-0.4726375612888838
n64212.dat,6.856406025365745,-0.5186998843071153
n64212ma.dat,7.084369992345826,-0.4840270442500392
n64212mb.dat,5.609247364445987,-0.5034513268775921
n64215.dat,16.737860666280937,-0.5769246212746655
n66021.dat,22252.312165872703,-1.0804317752980184
n6h10.dat,3.5494292342722042,-0.3793252022776613
n6h15.dat,58.17050105003715,-0.6353232920285269
n6h20.dat,10247.427410776732,-0.9987169252639452
n8h12.dat,0.9334470789913007,-0.3429198056616047
n9.dat,0.6321718614141926,-0.32403923747435
naca0006.dat,1.7157485390145903,-0.4445756886704034
naca0008.dat,2.6467302239904824,-0.472350318368639
naca000834.dat,6.9025497426396765,-0.5372719770840827
naca0010.dat,2.831814114976265,-0.4694032260472955
naca001034.dat,20.205084136900194,-0.6130808302357378
naca001034a08cli02.dat,18.87477126412645,-0.6038153759564082
naca001035.dat,25.261859815461953,-0.6034664189799984
naca001064.dat,19.410625786636658,-0.6097493334030498
naca001065.dat,39.99129557045788,-0.6426437150270669
naca001066.dat,4.295377665509256,-0.4334341902198646
naca001234.dat,50.52940727053469,-0.6759533410276921
naca001264.dat,51.54836601468715,-0.6772470295788471
naca001264a08cli02.dat,1.6049186663368429,-0.3698351019296259
naca0012h.dat,0.659826785400618,-0.3402046049709196
naca0015.dat,2.649251632317405,-0.4445812243709186
naca0018.dat,2.046234580481193,-0.4148354826712923
naca0021.dat,2.1654188087888677,-0.4106451060837387
naca0024.dat,2.592519787822492,-0.41703418985331486
naca1408.dat,1.4059074872749286,-0.41869750451513965
naca1410.dat,1.844355131282061,-0.43182320189773943
naca1412.dat,2.277871866550746,-0.4405403192939542
naca16006.dat,1.4468374404834077,-0.4089598559775818
naca16009.dat,12.439583094878307,-0.5560053071134119
naca16012.dat,137.2470278173514,-0.7239045451042081
naca16015.dat,1059.8862303958501,-0.8669689193909494
naca16018.dat,5461.290202790168,-0.980548889417269
naca16021.dat,20137.42398038096,-1.0695749733888773
naca22112.dat,2.986793700219518,-0.46274558123930454
naca23012.dat,0.9086538391769085,-0.36657937068831614
naca23015.dat,2.3265450943237815,-0.433245895313165
naca23018.dat,1.884736617686178,-0.4082129380566422
naca23021.dat,1.9551622955299734,-0.40275437002530873
naca23024.dat,0.6900796957804634,-0.30303405615668705
naca23112.dat,0.7617179441170943,-0.3516672395524622
naca2408.dat,0.3718457451863652,-0.2968889272825612
naca2410.dat,0.8077706149188908,-0.3535062664186348
naca2411.dat,1.536004251939027,-0.3944618292937575
naca24112.dat,0.18246797584116362,-0.23049350673371133
naca2412.dat,1.4069942446545811,-0.39275527391037046
naca2415.dat,1.9132417606668775,-0.41037770693195796
naca2418.dat,2.385046177295544,-0.4205096610130411
naca2421.dat,2.6767102916905072,-0.42233619590136917
naca2424.dat,3.502618727170133,-0.43612439949885706
naca25112.dat,0.19660678963220907,-0.2322628998793982
naca4412.dat,6.286962770746315,-0.4878864020032483
naca4415.dat,5.949127117613368,-0.48342803172744386
naca4418.dat,4.997893758984238,-0.46470756830122584
naca4421.dat,5.734273801738818,-0.4720467718241293
naca4424.dat,8.582394481398497,-0.49880318966706894
naca63206.dat,0.5763482974240873,-0.3535311175706437
naca63209.dat,2.421543487328077,-0.4520983795547284
naca632615.dat,1.5238622899901564,-0.38273580508925
naca632a015.dat,7.222468455721698,-0.5162139837097907
naca633018.dat,27.97300798042098,-0.6074762598976671
naca633218.dat,28.181389500394133,-0.6095712944534046
naca633418.dat,30.49918385931797,-0.614910127919704
naca633618.dat,11.135076024793353,-0.53663033217008
naca634221.dat,79.43624746431145,-0.6791858481541468
naca634421.dat,78.43321574108587,-0.67818205816119
naca63a210.dat,3.655223184566822,-0.480225883217622
naca641112.dat,6.738586068720032,-0.5175192568265384
naca6412.dat,200.01416051844004,-0.7349579375564061
naca64206.dat,0.49912042446914295,-0.3409382517348908
naca64208.dat,1.871505631068478,-0.4372254702787983
naca64209.dat,2.5963051006413544,-0.45717677396393663
naca64210.dat,3.654639900514799,-0.4786580875051927
naca642215.dat,16.737860666280937,-0.5769246212746655
naca642415.dat,15.156354653135061,-0.5703860342691894
naca643218.dat,40.85037768031077,-0.6360401534865527
naca643418.dat,41.369250394734486,-0.6379382035129192
naca643618.dat,3.3480458553733747,-0.4378728800357658
naca644221.dat,134.90843437310826,-0.7184302470386569
naca644421.dat,158.35800456299455,-0.730977028830893
naca64a010.dat,3.1890694927600642,-0.47125023576948155
naca64a210.dat,4.154817095895527,-0.4896483368857163
naca64a410.dat,1.787126753938621,-0.397917643841788
naca651212.dat,16.34720906946879,-0.5828002463507584
naca651212a06.dat,15.99416506172749,-0.5799398356939486
naca651412.dat,3.2237148441882906,-0.4515815399432516
naca65206.dat,0.38068866732352175,-0.31501296826528846
naca65209.dat,4.245477517513839,-0.49387434839674893
naca65210.dat,6.9026381170052185,-0.525823920776917
naca652215.dat,53.386089078393525,-0.6625897533537207
naca652415.dat,56.0333692275568,-0.6686510649100105
naca652415a05.dat,16.17713309701484,-0.5654751640834559
naca653218.dat,194.10273420881592,-0.7513776249947283
naca653618.dat,28.06859656483518,-0.5929717586026403
naca65410.dat,1.5674329083340406,-0.38887494426741903
naca654221.dat,1007.0210831925503,-0.8672947799782784
naca654421.dat,1064.246809951105,-0.8725284313099378
naca654421a05.dat,1204.3541650989912,-0.8815466126003906
naca66.dat,2747.125774133747,-0.9383062398552345
naca661212.dat,128.95342597657142,-0.7339949974915214
naca66206.dat,0.41932533654929677,-0.3133616162888105
naca66209.dat,17.056701748715795,-0.5971234197659584
naca66210.dat,31.38887114690512,-0.6378250949510834
naca662215.dat,727.5753481609156,-0.8512826600594983
naca662415.dat,357.77516713084685,-0.7976558470805502
naca663218.dat,3882.8402222432264,-0.9646870686570231
naca663418.dat,6015.463490612171,-1.00240765219781
naca664221.dat,22805.10538679391,-1.083083575517741
naca671215.dat,700.6063143764111,-0.8251469905237396
naca747a315.dat,33.978226655741516,-0.6299596816185007
naca747a415.dat,1.7873077632449705,-0.3959698833543193
nacacyh.dat,0.7880459342283344,-0.3353836719548401
nacam12.dat,0.8856164063665894,-0.3419183365442916
nacam18.dat,6.0300764959968784,-0.47148889151054146
nacam2.dat,3.3945081360782834,-0.4873152072470331
nacam3.dat,8.998681230205579,-0.548749590743293
nacam6.dat,2.9756687881010495,-0.45217555156624
nasasc2.dat,61.74160748818862,-0.6536502070540474
ncambre.dat,2.3050400753655262,-0.4434755881149007
nl722343.dat,1.4832537001223187,-0.3969074893890197
nl722362.dat,10.629912970918255,-0.5577570796238983
nlf0115.dat,29.846598841112826,-0.6168769499154804
nlf0215f.dat,3.877674883661835,-0.4284959779500434
nlf1015.dat,3.3980556277946965,-0.36806128246742426
nlf414f.dat,146.78136643408615,-0.7062992658967935
nlf415.dat,217.56209357817514,-0.7341429389416554
nlf416.dat,4.578170053264559,-0.4739648974191996
nlr1t.dat,9.567254747920064,-0.5511963661233914
nlr7301.dat,170.1603027697917,-0.7466655650266032
nn7mk20.dat,55.004327275531416,-0.657801774947241
npl9510.dat,21.515201508031023,-0.5920469531897602
npl9615.dat,3.525881769768365,-0.47723083585105375
npl9626.dat,2.4308854412857825,-0.44780155911076175
npl9627.dat,1.7561902393567765,-0.4212239252754028
npl9660.dat,3.950399185214152,-0.48390039714886696
nplx.dat,13.086475678796555,-0.5701991798565494
oa206.dat,0.9203271437430233,-0.39199388610027136
oa209.dat,0.60167398105848,-0.32258542346863844
oa212.dat,2.5607964597214234,-0.41928945374097104
oa213.dat,6.508479107244264,-0.4861645553551358
oaf095.dat,2.8169745164688647,-0.43180703808502297
oaf102.dat,1.3736570312755474,-0.37580148197812535
oaf117.dat,0.40639985100314596,-0.28742674119469375
oaf128.dat,0.40494709564973597,-0.2845922113095789
oaf139.dat,0.6088493747159721,-0.31340186114158647
p51droot.dat,9.23900470537555,-0.5255274529967865
p51dtip.dat,49.885785157185374,-0.6566163753797323
p51hroot.dat,1052.69840778521,-0.8763938255397076
p51htip.dat,119.74990680216845,-0.7281192844632687
pfcm.dat,1.8031355655355166,-0.4318326039897887
pmc19sm.dat,0.4032420571412067,-0.2798069848763952
prandtl.dat,1.733114987427217,-0.4321189195689208
psu.dat,3.2561931090859804,-0.4539983363587972
psu94097.dat,5.848299500700613,-0.45087051986876003
pt40.dat,60.94534779612549,-0.6393357915001167
pw106.dat,0.25198156943814853,-0.2756672778583333
pw1211.dat,0.3936045609676425,-0.3200866480994062
pw51.dat,0.9499228969476345,-0.38610676719241915
pw75.dat,1.2922317760490587,-0.40743456732358524
pw98mod.dat,0.5158605798545487,-0.3376846553879143
r1046.dat,31.27588057433173,-0.45674927473406823
r1080.dat,252.99230011064512,-0.7688910407927307
r1082.dat,20.80119712333947,-0.5807005655795596
r1082t.dat,9.784594359989828,-0.5301094901745529
r140.dat,6.606226004761171,-0.5211918065279666
r140sm.dat,6.592148140221682,-0.5209507608614162
rae100.dat,0.7837438846764339,-0.36693681599967487
rae101.dat,1.1378940331106164,-0.39477511944738936
rae102.dat,1.945440688313796,-0.43449116484686484
rae103.dat,2.704428946678839,-0.4565479261142947
rae104.dat,10.626340736957964,-0.560138083019218
rae2822.dat,30.975765319018635,-0.6300066379218436
rae5212.dat,28.9284218620969,-0.626188084616365
rae5213.dat,1.474187238466973,-0.3995164965963315
rae5214.dat,1.8097103946210644,-0.41530349862000937
rae5215.dat,1.8343927038077532,-0.4132195435056614
rae69ck.dat,30.975765319018635,-0.6300066379218436
raf15.dat,0.868242308536102,-0.3491519676223574
raf19.dat,0.10031234421827746,0.014122330375132452
raf25.dat,1.4844988072673813,-0.4272143579634939
raf26.dat,0.2842014306623587,-0.2773942276851213
raf27.dat,3.762026079563396,-0.49078445619894345
raf28.dat,0.6939555229940206,-0.34773873488541157
raf30.dat,3.879768214349061,-0.47926531817410356
raf30md.dat,2.226371152763112,-0.4593147382609207
raf31.dat,3.7927569722192933,-0.4678274387674682
raf32.dat,9.51028432893602,-0.5112326246952221
raf32md.dat,4.185586270964598,-0.4550178373685955
raf33.dat,14.355474190699603,-0.5342995596687855
raf34.dat,3.8399237025864634,-0.47743319556712693
raf38.dat,0.77963805566799,-0.3445678490373549
raf48.dat,1.0984858131534099,-0.36123783007277827
raf6.dat,0.0246623876203447,0.048663203877384785
raf69.dat,8.33069873266874,-0.5118314008349978
raf89.dat,30.04606622906276,-0.5993937079137954
rc0864c.dat,7.79038315107583,-0.5477794122513285
rc08b3.dat,6.921898804000442,-0.5352264168818297
rc08n1.dat,0.5508642279806133,-0.31879130798671046
rc1064c.dat,19.936979348837912,-0.6113166478324603
rc10b3.dat,9.09625477789192,-0.5440787707091674
rc10n1.dat,3.6726425157685876,-0.4791191475111421
rc1264c.dat,40.822723051448556,-0.6592621452796557
rc12b3.dat,5.136101596871834,-0.4844717597074328
rc12n1.dat,5.029823029356427,-0.49613881726544207
rc410.dat,1.8538550059194785,-0.39785110740205143
rc510.dat,1.451371181281742,-0.3788276171977448
rcsc2.dat,8.9407855724849,-0.5417515993063108
rg12.dat,4.001575598305507,-0.4913064306343846
rg12a.dat,1.0101815026481547,-0.37779123463959347
rg12a189.dat,1.0103036260452711,-0.3777898323218535
rg14.dat,1.0420560955394833,-0.38621609344955
rg1410.dat,2.069916041016523,-0.43595384979935464
rg149.dat,1.3455862912708798,-0.4047740405290422
rg1495.dat,1.672988402732752,-0.42064978197990105
rg14a147.dat,1.1601431906016046,-0.40344018966595435
rg15.dat,0.8633794720773978,-0.36437470563762964
rg15a111.dat,3.2524176024628546,-0.4654822516589271
rg15a213.dat,2.547672715054253,-0.4337793925339095
rg8.dat,3.1357047019155546,-0.45241065623061805
rhodesg30.dat,3.6660947986255294,-0.4522336889228494
rhodesg32.dat,8.461910170205584,-0.5034351484512036
rhodesg34.dat,19.67867504680065,-0.5562253719359668
rhodesg36.dat,417.0753031484033,-0.775722404919367
s1010.dat,2.438389889254758,-0.469654092861961
s1012.dat,79.93487032880245,-0.6991274382952709
s1014.dat,1113.4504062157503,-0.8695410186419016
s1016.dat,1906.0420812361453,-0.9101177994122334
s1020.dat,6.572984722331658,-0.46828761336518493
s102b.dat,47.03055403816627,-0.6485523068164212
s102s.dat,24.485055550911852,-0.5955626707280974
s1046.dat,3.418208499743734,-0.45216911072276
s1048.dat,1.4336965353318512,-0.39394613581961435
s1091.dat,0.04292950658627011,0.018659952299417804
s1210.dat,0.21316407471136245,-0.08730357898619284
s1221.dat,1.9753829244809693,-0.37701822937108453
s1223.dat,0.03770878306639631,0.08550178562252389
s1223rtl.dat,0.03742956128756033,0.08668309010872684
s2027.dat,3.326350630077094,-0.45547868542537406
s2046.dat,1.2113552899936293,-0.3757599850530208
s2048.dat,0.6395601334272205,-0.3314905034656689
s2050.dat,1.9593262787221364,-0.43347322452598186
s2055.dat,0.7541567684720634,-0.35372644229092837
s2060.dat,0.5038369124568072,-0.3208270643574569
s2062.dat,0.5829288603420655,-0.33512136002235116
s2091.dat,3.9072908035870384,-0.44804203123417385
s3.dat,0.6194123617433331,-0.3368361709021381
s3002.dat,3.047541574157218,-0.4275080969838621
s3010.dat,0.6597928780349348,-0.32510906712724597
s3014.dat,0.6208676784574229,-0.324731217966356
s3016.dat,0.6510755073053605,-0.3414145623888211
s3021.dat,0.7387022422466845,-0.3284115914365331
s3024.dat,4.7140648866023085,-0.45790892852866977
s3025.dat,3.2504038300678526,-0.42526271050903386
s4022.dat,3.8396256525909807,-0.4210344728759727
s4053.dat,1.2012490518794416,-0.3631096972448345
s4061.dat,4.2701524425175466,-0.45103858067623076
s4062.dat,3.3425913593928334,-0.42119772375982023
s4083.dat,1.2882520842522174,-0.3567766438748459
s4094.dat,0.0797418017213511,-0.15304857906384126
s4095.dat,0.07340207594409603,-0.13373749323865197
s4096.dat,0.06361824951657315,-0.1098209993229374
s4110.dat,1.4127452354381218,-0.3798520899785264
s4158.dat,6.888967519606341,-0.4839672989809779
s4180.dat,63.27821576558072,-0.649495167794627
s4233.dat,1.1822043304064078,-0.3666293238955561
s4310.dat,8.367982103452071,-0.4916868362102009
s4320.dat,56.26032774454724,-0.6132954704681165
s5010.dat,0.8052906437557855,-0.36257710594653875
s5020.dat,1.1116040519705321,-0.3567233394102717
s6061.dat,1.062107363042276,-0.38814745532935463
s6062.dat,0.6953646062979195,-0.35887526395388725
s6063.dat,0.2660276342088881,-0.2849849823316432
s7012.dat,0.2283341076068799,-0.2585908594894437
s7055.dat,4.1691214985182805,-0.451301262472752
s7075.dat,1.2149845593862632,-0.36270790374360384
s801.dat,5.277705833635638,-0.46198030887117547
s802.dat,5.141025954085661,-0.46024914888500024
s8025.dat,0.25814851098299096,-0.28811366653948545
s803.dat,3.290147213619068,-0.43184499188318964
s8035.dat,1.9010819288984224,-0.42038152704067056
s8036.dat,13.259689216356309,-0.5591028621182857
s8037.dat,7.582119999863056,-0.5151098390688684
s8038.dat,4.245861123962031,-0.4836492699369247
s804.dat,0.861241766906803,-0.32070294347089906
s8052.dat,8.049664542510813,-0.5321061460676353
s8055.dat,8.554787896112172,-0.5326113252279757
s805a.dat,12.170668225068395,-0.5575494074714152
s8064.dat,70.94428024318218,-0.6902378003923633
s8065.dat,24.215605486750345,-0.6172197809537361
s8066.dat,10.646089401559532,-0.5616218339458405
s806a.dat,2.7500813457886326,-0.4180487846857967
s807.dat,40.7014829975885,-0.624094484913585
s808.dat,49.27090815845723,-0.6361274122908169
s809.dat,3164.1806094608537,-0.937783873492183
s810.dat,1181.2810423296337,-0.8764792186229184
s811.dat,135925.51073668487,-1.2031985453013563
s812.dat,997.7486923290871,-0.8585676623722867
s813.dat,300.3253543424694,-0.7881489730481374
s814.dat,64506.669380001986,-1.1531567099712146
s815.dat,559455.0965335242,-1.302416512815859
s816.dat,270.51029650868423,-0.7580698848441052
s817.dat,50.86394484652727,-0.6196312929830682
s818.dat,27661.81147639397,-1.0933938617873982
s819.dat,1075.4692506988579,-0.8695680579625344
s820.dat,39.32441827957722,-0.6217998030238869
s821.dat,81630.8937798118,-1.171327978120673
s822.dat,170.2497470198615,-0.7486010530027277
s823.dat,54.29673682467703,-0.6302787874845074
s825.dat,993.0166077222322,-0.8644413303205616
s826.dat,3.543200243269348,-0.4264994679217818
s827.dat,5822.964675240408,-0.9848095797849289
s828.dat,1494.1241989228456,-0.8973574487060605
s829.dat,1206.0303617420695,-0.8726234131269719
s830.dat,3.19346590931033,-0.3856672048610484
s832.dat,0.345787585648213,-0.1444016601755938
s833.dat,164.50968407741806,-0.732735192563727
s834.dat,82.84122944789796,-0.6958181357418579
s835.dat,102.85233219037198,-0.6972203882126311
s9000.dat,0.38736533773130755,-0.28999283398508463
s9026.dat,1.0725179136213117,-0.3946764560522186
s9027.dat,0.7397730703737557,-0.3732732873913499
s9032.dat,0.6181586277137486,-0.35377711906362164
s9033.dat,0.44078246893328504,-0.33486030594533883
s9037.dat,3.336960161219964,-0.43044247765580634
sa7024.dat,0.6227472761203515,-0.30061084230703433
sa7025.dat,1.7765771159145762,-0.3684248212510299
sa7026.dat,4.30885114288746,-0.4338648541476992
sa7035.dat,0.5110505341605636,-0.30197037368154167
sa7036.dat,0.7139417869638102,-0.3255171437880756
sa7038.dat,1.884080489065068,-0.39156481194234655
saratov.dat,8924.52996497041,-0.9246043544545398
sc1012r8.dat,2.9326724131112405,-0.42266944820967134
sc1094r8.dat,0.9994409474703043,-0.3517882017954209
sc1095.dat,1.2141924217464972,-0.4006779355509138
sc1095r8.dat,0.9996639406183896,-0.35165799355035543
sc20010.dat,2.5345187691354623,-0.44833270707511375
sc20012.dat,7.053349677153343,-0.516952609154524
sc20402.dat,0.1643422606788849,-0.2625808305940308
sc20403.dat,0.45800379805890334,-0.3441683457005526
sc20404.dat,0.42426022094409716,-0.3320372171534594
sc20406.dat,0.5981013021980273,-0.35161549254405394
sc20410.dat,16.308015870636876,-0.5832889775213734
sc20412.dat,70.46949433165452,-0.6906674565712867
sc20414.dat,151.03115180048718,-0.7436015718087463
sc20503.dat,0.33082953950455973,-0.3151252513272972
sc20518.dat,234.118572944576,-0.7673449873984883
sc20606.dat,0.5973598457572519,-0.34021694966629584
sc20610.dat,11.732256649636755,-0.5484914736053067
sc20612.dat,41.17161856046766,-0.6396286399923163
sc20614.dat,131.2706198146516,-0.7273442350061549
sc20706.dat,0.49224301635421436,-0.3184621137559667
sc20710.dat,5.146983997288647,-0.4770696278578418
sc20712.dat,22.066310360166014,-0.5851496130979686
sc20714.dat,50.13474446016764,-0.63628882491807
sc21006.dat,0.203772739832692,-0.23044040290734458
sc21010.dat,2.0071537059921227,-0.400028453104998
sc2110.dat,1.5779734436217938,-0.38422406844979407
sd2030.dat,0.7416747058870764,-0.3327630223911933
sd2083.dat,1.1555330389788714,-0.36213321196116616
sd5060.dat,0.7646635578696017,-0.34621506374503486
sd6060.dat,4.374526225520663,-0.4946205862947997
sd6080.dat,5.411419771573852,-0.46404276194937555
sd7003.dat,0.29356240290681695,-0.2888005617589217
sd7032.dat,3.7547192267641836,-0.4332094344731442
sd7034.dat,3.538026442213563,-0.4406807664917593
sd7037.dat,1.2425832520353841,-0.3652442541213568
sd7043.dat,2.1675220249089975,-0.39711203136135725
sd7062.dat,2.3505059844236253,-0.4077190131585651
sd7080.dat,0.6158930620689351,-0.32134791099238347
sd7084.dat,0.6124476305842531,-0.32573604244641485
sd7090.dat,0.623430616888994,-0.3377632908691879
sd8000.dat,0.7567873575902104,-0.35281735017484595
sd8020.dat,2.7642959301267345,-0.4662931648392248
sd8040.dat,1.0358374456677863,-0.35863111618293747
sg6040.dat,19.92011780620098,-0.5901774294940424
sg6041.dat,1.1651317840418671,-0.3670977593119884
sg6042.dat,8.169458416507021,-0.4890752792932626
sg6043.dat,0.04119128792894693,0.019520852026138957
sg6050.dat,5.321267008011046,-0.4777203262095691
sg6051.dat,1.834976973972045,-0.394010627533637
sm701.dat,9.342685705658997,-0.5071031592962928
sokolov.dat,0.13766595041056956,-0.06990137527775828
sp4621hp.dat,18.748665264466297,-0.5500358765512275
sp4721la.dat,28.539419390732625,-0.5781447060187441
spicasm.dat,206.6900157632527,-0.7067820463825774
ssca07.dat,2.1381460057917114,-0.45256660545609967
ssca09.dat,4.732030298114125,-0.5022692720199263
stcyr171.dat,1.9772724386187874,-0.4077679260542708
stcyr172.dat,0.2866429099549952,-0.2709848978067843
stcyr234.dat,94.52124737896227,-0.6776228959289093
stcyr24.dat,5155.384576793229,-0.907755352123059
ste87151.dat,18.571112630973396,-0.5378501476142372
ste87391.dat,14.353545931373716,-0.5160013994883826
stf86361.dat,17.62881258205848,-0.5165328155536807
strand.dat,11.894697020142479,-0.5097976299985517
supermarine371i.dat,62.91579461593103,-0.6787205446152723
supermarine371ii.dat,6.086894067081354,-0.5195034573257473
tempest1.dat,71.38212325503129,-0.6975252780862659
tempest2.dat,41.12060202592188,-0.6633816115786753
tempest3.dat,20.959165507782647,-0.618692012053339
th25816.dat,557.07345887331,-0.768996751490469
trainer60.dat,2.1694966333868253,-0.402962931385379
tsagi.dat,0.7070850183154999,-0.31305243078785033
tsagi12.dat,7.74512090408019,-0.5300353714744598
tsagi8.dat,2.5590840156537267,-0.4597859082486252
ua2.dat,0.18883336032752968,-0.024712388540660015
ua79sf18.dat,260.88203326588246,-0.7214365198945089
ua79sfm.dat,0.33141412966395906,-0.10321747741791877
uag8814320.dat,0.0003008958385089847,0.4567346476187347
ui1720.dat,13.570740074723366,-0.5235151699818982
ultimate.dat,4.575356117488676,-0.49165942454888634
us1000root.dat,1.1943636006669691,-0.3667923818178239
usa22.dat,6.439359385710638,-0.4600400146990961
usa25.dat,67.18279349176215,-0.6073706774294187
usa26.dat,5.520554153585105,-0.4437329308872737
usa27.dat,0.24363953853498116,-0.15009740341174702
usa27m2.dat,6.746071738722874,-0.46085412912445683
usa28.dat,9.733985807599177,-0.5294380807210478
usa29.dat,4.465333823200477,-0.4530923029367474
usa33.dat,260.28748048946824,-0.7449787097125925
usa34.dat,1582.505274607442,-0.8781230148675061
usa35.dat,490530.2241872636,-1.2573890330271198
usa35a.dat,484437.0796496143,-1.256417598015015
usa35b.dat,12.114032534668516,-0.5275075339275953
usa40.dat,5.388157709459293,-0.46810537889794895
usa40b.dat,3.2833879812145,-0.43033521740719255
usa41.dat,1.6922908949650541,-0.32417388173361655
usa45.dat,0.9528309190874024,-0.33028479141176104
usa45m.dat,1.9824277776960206,-0.38452706909287315
usa46.dat,0.360486181175531,-0.2927064659579042
usa48.dat,3.1362289439843525,-0.44579012719093913
usa49.dat,0.0851387946375318,-0.18293512839408668
usa5.dat,0.034164035995514874,0.006205885851769114
usa50.dat,0.23348823398072213,-0.2642409684614547
usa51.dat,0.5021377771214673,-0.296184954384056
usa98.dat,26450.74584568705,-1.048795092642737
usnps4.dat,0.11349476773209667,-0.07340137884316784
v13006.dat,0.36718331000896465,-0.31906164459034764
v13009.dat,0.3542468652807795,-0.30207260747586817
v23010.dat,0.38237764184074113,-0.28025030369065257
v43012.dat,4.243104600920042,-0.4416530990462217
v43015.dat,1.0783226640081232,-0.3423927618916873
vr1.dat,4.416333063648475,-0.4905100764947362
vr11x.dat,2.0638970221862083,-0.39264483499059805
vr12.dat,1.4163613049505663,-0.38309168867754295
vr13.dat,1.0019371140634765,-0.36288903168009495
vr14.dat,0.8025005643531871,-0.354427654868563
vr15.dat,3.7049391582626137,-0.48763056576480646
vr5.dat,4.6783278191554,-0.46025742284962134
vr7.dat,1.0748798885206508,-0.34986401229730335
vr7b.dat,0.5726311856852002,-0.3078912659995803
vr8.dat,0.7673099016744251,-0.37060295435988594
vr8b.dat,0.40004907103740495,-0.31657772564133785
vr9.dat,1.5347443628533155,-0.43711436837982165
waspsm.dat,0.9630576631477031,-0.3541772263801307
wb13535sm.dat,5.227391805539868,-0.477732929736229
wb140.dat,7.313411625771875,-0.4970463173963659
whitcomb.dat,10.459263238920652,-0.5197012868108316
ys900.dat,0.7419873915293381,-0.30552952629100943
ys915.dat,4.494352402204141,-0.4738170157914815
ys930.dat,8.550834845799766,-0.5194324457447308
