2032c.dat,0.1396889236227204,-0.058345923629531816
a18,2.6239836113427675,-0.4190484770499712
a18sm,2.098231572459369,-0.4013176184444844
a63a108c,0.4454442022504821,-0.3251163096589898
ag03,0.0947535156574626,-0.1914581069772568
ag04,0.1154964456695997,-0.2168493048283429
ag08,0.1160257573088615,-0.2139308736897924
ag09,0.4359855760752365,-0.3076167402176973
ag10,0.5455029642905246,-0.3222167079690361
ag11,1.149160743157643,-0.3602349228847577
ag12,0.1542078554592099,-0.237664623269302
ag13,0.1406283293134702,-0.2253577222550368
ag14,0.2804558748806595,-0.27109312911774
ag16,0.2739505208074949,-0.2809717959148782
ag17,0.1777577720339767,-0.2447792274946053
ag18,0.1985072083645839,-0.2463481190474685
ag19,0.456165758601008,-0.3040545116884972
ag24,0.3666512854094321,-0.2942027397272464
ag25,0.2087105159988638,-0.2457831761018573
ag26,0.2890974942022535,-0.2670997079245398
ag27,0.6765547587773063,-0.3275990249697511
ag35,0.2639737917532839,-0.2632937270804261
ag36,0.1928082134894425,-0.241031457296125
ag37,0.173257378367349,-0.2333058551514875
ag38,0.1192827660866247,-0.2033267456008531
ag44ct02r,0.0653452623755909,-0.1661068951235176
ag455ct02r,0.043353416243412,-0.1366047418234011
ag45c03,0.0463058396509953,-0.1335819313855983
ag45ct02r,0.0489572003502636,-0.1458076644103935
ag46c03,0.0325629571115803,-0.1157133878691984
ag46ct02r,0.0492607214146149,-0.1505688595023564
ag47c03,0.0553706759416497,-0.1680934933519182
ag47ct02r,0.0727217585313344,-0.1922142147842119
ah21,0.1989926211922086,-0.2430636992428105
ah63k127,4.129365186739397,-0.4231989586464314
ah6407,0.0594609064808858,-0.0101938986004766
ah7476,0.0293908462060389,0.061215589765702
ah79100a,2.0907175466894565,-0.4067971005336738
ah79100b,0.0239104288528082,0.0851086924032369
ah79100c,0.0048510698248771,0.2169156759918908
ah79k132,8.041413340570191,-0.4881552121891356
ah79k135,4.706376309614127,-0.4568740793830618
ah79k143,19.334163117606582,-0.5648450020792853
ah80129,16.85620886990603,-0.543985823116889
ah80136,10.335489205312276,-0.5357759313479281
ah80140,7.086854253180705,-0.4802875394101767
ah81131,178.59087850552766,-0.7449677681209186
ah81k144,23.201528112632555,-0.5680944466967379
ah81k144wfklappe,254.08088447372864,-0.7323576104592092
ah82150a,14.754657850209462,-0.5401778441970809
ah82150f,61.25358993950245,-0.6333170657700593
ah83150q,12.686448189855833,-0.5131075774598417
ah83159,21.949504731084552,-0.5613905020581615
ah85l120,70.30811043491802,-0.6814336318992136
ah88k130,8.832544457231787,-0.4787987073603651
ah88k136,11.31047657614408,-0.5116527051003854
ah93156,22.849499103360507,-0.5728730481082708
ah93157,12.746874661534475,-0.5274699843854077
ah93k130,15.857396524332758,-0.5354976614121871
ah93k131,16.965944112233654,-0.5441412786325448
ah93k132,11.46287702350432,-0.5123673839721232
ah93w145,1.2181989999640968,-0.3558094844572094
ah93w174,1.9926244630666807,-0.3924270852992162
ah93w215,8.965916112840748,-0.5109566914977938
ah93w257,2062.298860588317,-0.9049945949797492
ah93w300,1916.3174145760015,-0.8956994584422631
ah93w480b,0.3060170090195802,-0.1482761247731796
ah94145,90.23155682194113,-0.6591385133446948
ah94156,16.752524161408836,-0.5474712356938639
ah94w301,1397.689970744752,-0.867605451826096
ah95160,177.07586382299831,-0.7120379616421871
ames01,4.273719263363764,-0.4908209816793571
ames02,0.4444984656731859,-0.3249389099631319
ames03,10.012196351734747,-0.5491230984992024
amsoil1,3.351699527546886,-0.4370762131324827
amsoil2,3.23934379131129,-0.4548187507121715
apex16,8.830166265209117,-0.4973024419230155
aquilasm,4.859151224261392,-0.4131349276552508
arad10,6.716035158870807,-0.4834908086158889
arad13,1.3100143272077744,-0.3586552559676677
arad20,0.7771445617270019,-0.314325323845737
arad6,15.6726593452023,-0.4776919060200386
as5045,56.527557443710336,-0.6558203553461169
as5046,62.19792574698919,-0.6626270094276093
as5048,108.26989012104058,-0.7010537771177319
atr72sm,0.1261256401646934,-0.1944529632269861
august160,3.468024910469747,-0.4216109686628205
avistar,1.0233330162638157,-0.3489321169503838
b29root,18.02140074707129,-0.5669970185246502
b29tip,0.6002964260816426,-0.3271904705381498
b540ols,0.070660565726629,-0.1708677723610825
b707a,0.3125888579049565,-0.2668945394735361
b707c,0.7767334864664518,0.4930724662911644
b707d,1.4245718170368675,-0.3737854250538995
b707e,0.951102771211841,-0.3423189949634485
b737a,0.1542291471892854,-0.2069129532941866
b737b,1.0210955172871303,-0.3742577001297773
b737c,0.4486290123927964,-0.3109408409316344
b737d,0.7393264173719106,-0.3321202463770475
bacj,11.89845290457524,-0.5499350487023894
bacnlf,11.310128719524371,-0.5484566170207538
bacxxx,2.6806753793140654,-0.4375541916587492
bambino6,2.6946353298466788,-0.4099752239252245
be50,3.0678627032578363,-0.4155657732710237
be50sm,3.6489659333342734,-0.4335317012144889
boe103,2.685857932541493,-0.4190430372632182
boe106,1.8226114577149364,-0.3954419453392616
bqm34,2.2106081185291067,-0.4464607701622383
bw3,38.06178698690011,-0.5436955126587099
c141a,64.74732513462274,-0.6825952351929119
c141b,51.12998837174976,-0.6663358877101815
c141c,14.864774288208013,-0.5774406629289394
c141d,2.063573710829623,-0.4119047063474544
c141e,2.0281081530578047,-0.4014663026767872
c141f,6.868360961083037,-0.4796427440773871
c5a,52.36242858560586,-0.6652833613585253
c5b,19.42148367054232,-0.59089048748304
c5c,7.649957024154202,-0.5158108605186811
c5d,4.9504617289490325,-0.4840866241332904
c5e,1.0682425145444674,-0.3574749962199683
cast102,5.610108553333103,-0.4766047254548159
chen,0.4010330658757149,-0.13918253906361
clarkk,6.257872794551145,-0.4771239987978529
clarkv,4.56945215437654,-0.4601734719853669
clarkw,5.496268594227657,-0.4782137129657278
clarkx,3.644026789067266,-0.4486826953351204
clarky,3.510812108410881,-0.4420902947107145
clarkyh,0.5990169773688865,-0.3198730799565929
clarkys,4.715963172283022,-0.4812580951794672
clarkysm,3.885451198108748,-0.4516413135313711
clarkz,14.308498441223698,-0.5380751298408255
clarym15,3.778378145796933,-0.4481816975893287
clarym18,5.72903087476812,-0.4764844219943063
coanda1,2.61236071156986,-0.4290328821286374
coanda2,3.116578678778125,-0.4423193848977983
coanda3,1.1196707043113967,-0.3569399907163582
cootie,462.8019151914955,-0.7449761398321028
cr001sm,0.5977973614858332,-0.2556224334943286
cr1,17.165961447848684,-0.5551994594903588
curtisc72,4.104382676249099,-0.4533587529993031
dae11,147.23968794383566,-0.622698849508053
dae21,7.965466642119003,-0.3821383101883934
dae31,0.1360399857724659,-0.0450906468285324
dae51,13.2486353186466,-0.5281798027258009
davis,2.824518756631918,-0.4303972865316536
davissm,0.1082579521161733,-0.054295138986074
daytonwright6,7.79459939791798,-0.4907334346029825
daytonwrightt1,9.692640725696483,-0.5140101365120502
dbln526,1777.628308428137,-0.8540677414446021
defcnd1,19.68140862662712,-0.5602933907553609
defcnd2,2.688195738514504,-0.413481840972748
defcnd3,0.2429318064826389,-0.2552552293605632
df101,1.720612909215967,-0.4065110560251025
df102,1.8537070018299435,-0.4111068395570939
dfvlrr4,216.62369197089848,-0.7694935477894148
dga1138,0.5678740339801748,-0.3096968609402464
dga1182,0.2630623089765909,-0.2796531484171176
dh4009sm,4.076061087952919,-0.4930504851209594
doa5,54.02092244903854,-0.6430802974934196
dormoy,0.1304628182043586,-0.1590129463141465
drgnfly,165.08375210189968,-0.6931902197065464
dsma523a,9.444346956408255,-0.5115464167303708
dsma523b,1.894959596433188,-0.3780315340432791
du06,64.88433115489077,-0.664049541131224
du84132v,3.8910336426089,-0.4532765434111407
du8608418,6.887257034487728,-0.5240356008996337
du861372,97.89769701928886,-0.7062521253682591
e1098,149.12349291072786,-0.7166956873305761
e1200,22.121170760421503,-0.5715846560804697
e1210,28.79854609927532,-0.5857534442467115
e1211,8.94195214629661,-0.5015181878064986
e1212,3.0486925163807888,-0.4243021886623759
e1212mod,0.6130984931055798,-0.2964163126088404
e1213,1.5900411385191469,-0.3786951317330815
e1214,2.51383229566092,-0.4103013650361694
e1230,0.3436163987654372,-0.2657907559880353
e1233,0.8345425423901672,-0.320107994581002
e168,0.5476597158668391,-0.3223334912248962
e169,1.277212618985308,-0.3787622532701505
e171,2.365409951098434,-0.436714503013696
e174,4.905351389385015,-0.4540885162111738
e176,1.6809820431154634,-0.3861178635313053
e178,0.5818189980382187,-0.3168182460335523
e180,0.3031365734552329,-0.2858899614560366
e182,1.442551161728873,-0.4148637520198759
e184,1.6908319130847305,-0.4247275614978999
e186,2.451077334539953,-0.4394431515682501
e193,1.5822423234580585,-0.3794654265676244
e195,0.5665504277582892,-0.3123914244912219
e197,1.6688714751024494,-0.4014422682891508
e201,0.5169778306184655,-0.3076439129108045
e203,2.7630997820367678,-0.4417554170189632
e205,0.4062422554483891,-0.2850739359873234
e207,0.4315741041672223,-0.3024492817461501
e209,1.5121138898222342,-0.3961258114349614
e210,1.4006946152924038,-0.3678451264068878
e211,1.4995647250414026,-0.3880473007146572
e212,2.3567129317697524,-0.4208355541536677
e214,3.448055366592904,-0.42627140204287
e216,2.524598578124924,-0.3823687100154277
e220,4.20896849283071,-0.4839406393361017
e221,0.9603859810740236,-0.3806652796755501
e222,1.59278604831666,-0.3995512878513744
e224,2.016128760437497,-0.4305419750003316
e226,1.9412705670024333,-0.434150785271838
e228,2.8943105564948186,-0.4686336358516657
e230,3.305740158404106,-0.4728633071431255
e231,15.671134011404176,-0.5723852175764839
e266,14.763567028181114,-0.5498245616714458
e297,29.223323689526683,-0.6311299320766868
e325,16.925973934735524,-0.5643197457724566
e326,11.793261506767143,-0.5431024355157893
e327,10.328907860426405,-0.5399357502613317
e328,0.6608729431372048,-0.3056952058423909
e329,1.5915462820740625,-0.3640589357495135
e330,4.093402074681875,-0.4643155086244572
e331,6.340366576219522,-0.5043063715120698
e332,0.81780615996447,-0.3256586343965608
e333,1.8055347240979407,-0.371694299118212
e334,3.4790140666226432,-0.4026727340141137
e335,5.8227912266188575,-0.4843890828768128
e336,9.000018042161397,-0.5257679511037902
e337,0.886869446164172,-0.3270135420916104
e338,2.087072315090588,-0.3840560587661354
e339,1.5286309804300384,-0.3345451521145026
e340,6.144791218802997,-0.4851205889171218
e341,1.4139943081356814,-0.3682770668386808
e342,1.0071192687209298,-0.3343727857294629
e343,2.253264848615185,-0.3888888956407595
e344,2.8207332597152464,-0.3859341190313801
e360,10.327772723654558,-0.5506765760411791
e361,7.620052576380933,-0.5283213794216847
e374,1.3979113886027903,-0.4025394228430589
e376,0.1175808887378377,-0.0421360039709528
e377,0.1194248888968143,-0.0429494231534128
e377m,0.1357460607855127,-0.0530906899711598
e378,0.1126312165399706,-0.0463394581021339
e379,0.1034669133078882,-0.0408417728694984
e385,0.0969444407934937,-0.0460042547703019
e387,4.122278393098203,-0.4429694369688092
e392,1.440839176488642,-0.3506385139837485
e393,2.477592916867996,-0.4054132712065341
e395,4.068062868490629,-0.441377283471933
e396,4.474998357466571,-0.4466164262046401
e397,5.220877538946655,-0.4625505100503482
e398,2.192397087691358,-0.3968644818322933
e399,3.126270934603197,-0.4301984825264041
e403,45.84816414106924,-0.6187645484203332
e407,50.91805429574474,-0.6320072975760906
e417,65.73700280736978,-0.6511425918270896
e421,27.81423599956276,-0.4335897461793295
e422,289.6550781529874,-0.6410179029791709
e426,0.1930670090635061,-0.2429134437908911
e428,0.2462197156360275,-0.2602389039918452
e431,9.191222868609168,-0.4895426464535008
e432,5.62133117958083,-0.4560639133680427
e433,10.138519008460516,-0.4954010918627365
e434,11.483131621901371,-0.5017425538191632
e435,13.4130959924888,-0.5180473559132422
e471,0.0102290780530756,0.1016559921829678
e472,0.079736397711534,-0.1561770972354177
e473,0.6193446106840169,-0.3071492934028281
e474,0.1413811552074736,-0.2006686814850081
e475,0.1413390718833075,-0.2019036467683337
e479,1.1778074402745478,-0.3669548863290547
e485,19.674898181477783,-0.6031099246098379
e49,0.0234009370982078,0.0689990976055559
e502,206.10975853034665,-0.7569398035541011
e520,56.44819863061896,-0.666992765167644
e521,63.39076414280272,-0.68255176363221
e540,718.2340849746839,-0.8462111615467849
e541,1127.2998402858434,-0.8740296001676156
e542,113.56515490950945,-0.7039607745395291
e543,226.7612331490973,-0.7601032111315854
e544,262.1478341511614,-0.771718621746278
e545,144.52920049582792,-0.72825808931655
e546,97.63738139874702,-0.7017860712854018
e547,101.891996434449,-0.701979104053578
e548,110.21280541751374,-0.7036951948824726
e549,73.1337642953387,-0.6767998373056521
e550,76.39151218722547,-0.6756393359004685
e551,42.07898372425745,-0.6350292447553683
e552,35.4776098450276,-0.6174752333453454
e553,36.959266002977614,-0.626619626226112
e554,23.87575552967281,-0.5885578940026652
e555,42.161010418181576,-0.6443721551258239
e556,51.61254688845308,-0.6603782513421345
e557,47.4099197810329,-0.6526198258392647
e558,2.8217694164295803,-0.431758345446416
e559,4.730410602676388,-0.468883648791296
e560,10.47738658307437,-0.5272486482514668
e561,3.957824929951392,-0.4498325645097757
e562,8.740836222177753,-0.5210209578601342
e58,0.0041592931387174,0.219606024238317
e580,3.158082312668119,-0.4183504322683649
e582,9.566940597210008,-0.4865437982727819
e583,7.447478457090018,-0.4731537756786207
e584,6.804247277535778,-0.4654592040305924
e585,9.788002874569834,-0.4894101452350721
e587,19.26717019242153,-0.5482176616033707
e59,0.003831513626761,0.1947095738649059
e591,988.9269134863192,-0.826523250304549
e593,5.106883155260278,-0.4580001317603565
e598,3.770512939085244,-0.4388355988923446
e603,37.6575395607172,-0.6147449570398891
e604,192.86970945448832,-0.7476749087042884
e61,0.0124803246786907,0.135438071909273
e62,0.0151470123014961,0.091609874227904
e625,0.6931054165440422,-0.3270310108862165
e63,0.009861263988757,0.1281632203146207
e635,4.982345978625778,-0.483885103863112
e636,0.8845037440617339,-0.3313674460293934
e637,1.91699572215392,-0.379208648878185
e638,4.34384687423305,-0.4284124842510177
e639,12.719993075600197,-0.4853981470291844
e64,0.7698072440211577,-0.3206273750140335
e642,2.661045794899962,-0.4139242471048047
e654,632.0223525811195,-0.8096610241052341
e655,30.935386463516107,-0.5945288104296601
e656,331.3622629166172,-0.7593847350264116
e657,23.41104932841576,-0.5596641503957568
e66,2.5851318021758805,-0.4103124458758518
e662,22.7269052036295,-0.5571145767697733
e664,59.72954841633809,-0.6508938915863192
e668,11.110759629280777,-0.5120320064318644
e67,4.230779001500876,-0.4576119537642907
e678,0.0008526966058337,0.2809266539493998
e68,7.187135473832679,-0.5043168071653006
e682,19.500720474481295,-0.5581091644847481
e694,9.121639372374926e-05,0.494488914192058
e71,0.015939712237649,0.0627904791206576
e715,11.146385822949124,-0.5345587688891519
e748,18.14649446642523,-0.5660841849576854
e793,1.5904988207469477,-0.3869283817235814
e817,28.178131732147907,-0.6107650277283505
e818,4.575326056475188,-0.4713404506943307
e836,45.66885859175144,-0.6595364152367357
e837,30.53405452930998,-0.618183273961057
e838,141.2775956778126,-0.7244126946072638
e850,1.848618739206796,-0.4137600564253692
e851,1.8987439299664497,-0.4092843372826005
e852,1.705773456022458,-0.3950673435258552
e853,1.6893161565583026,-0.3931769508379855
e854,0.969757236406248,-0.3508251353379623
e855,0.6286052931991464,-0.310200499881477
e856,0.7242523145082447,-0.3214023880159832
e857,1.6659541981547907,-0.3831022807068396
e858,3.33756792811439,-0.4304878170007506
e862,1697.682919564271,-0.8782892656665398
e863,5594.839458816233,-0.9604607403558186
e864,24281.39315205813,-1.062201640125765
e874,0.8584996340549207,-0.3811436143580388
e904,52.1760612357392,-0.6800944440948935
e908,0.5479803273453605,-0.2934579572115766
ea61009,2.3730940546123045,-0.4493721696111438
ea61012,11.081703557376562,-0.5505800579242276
ea81006,2.747766195671998,-0.4761124214103638
ebambino7,0.1940721101628696,-0.2104033755646636
ec863914,0.9680462088404562,-0.297865041109912
eh0009,1.8724359421217576,-0.4404553568727337
eh1070,1.2729205645010857,-0.4155305946669123
eh1090,1.898476204923912,-0.4378614356851996
eh1590,1.903647966731733,-0.4352986220719703
eh2010,1.95454678496868,-0.4309494256416203
eh2012,3.73686800457028,-0.4748031393274775
eh2070,0.2263871968628464,-0.2631086014697556
eh2510,0.3579923345924987,-0.2908617358275535
eh3012,0.303364393730594,-0.2656704741590578
eiffel10,0.2431068179368937,-0.1666641163087672
eiffel371,0.9960088806859736,-0.3311503638088613
eiffel385,9.86829282115547,-0.5215405571245192
eiffel428,59.28113637537378,-0.6366197191777462
eiffel430,129.94832259132187,-0.6997733318009548
esa40,1.5592881215587622,-0.3972134997226714
falcon,1.8864285712457625,-0.4191796704718654
fauvel,12.213017016395092,-0.551696099818632
fg1,3.141927595031611,-0.4031157669966984
fg2,0.1401032444574983,-0.1491206001592414
fg3,0.0552164659760806,-0.0395198338547957
fg4,0.7907082317829219,-0.2443691715628512
fx049915,200.8179430377277,-0.7033630512071095
fx05188,748.357343125457,-0.8521482899214514
fx05191,822.8707222370604,-0.8588418097656133
fx057816,68.49405763179439,-0.6388762968834606
fx05h126,48.03101476548503,-0.6220665235321663
fx082512,84.92000294502,-0.6752264895902828
fx08s176,47.543549439969,-0.5965602105060376
fx2,4414.115130151309,-0.9356631904334908
fx3,274.7056201944768,-0.6993356410553839
fx38153,210.25076264039697,-0.7351014060205688
fx60100,1.4352386729508335,-0.3696653278844321
fx601001,1.580581479464519,-0.3821856051514899
fx60100sm,1.750052554141854,-0.3876849925589982
fx60126,5.396535279921559,-0.4884190016438582
fx601261,1.2283325409111343,-0.3575776218722577
fx60157,145.19016268126344,-0.7244464175678241
fx60160,6.3340881236336015,-0.4810992274211524
fx60177,550.5970948332745,-0.8235135199857674
fx61140,0.9198422488486928,-0.3384679569480692
fx61147,0.7986774440414209,-0.3200881223019998
fx61163,14.31213246178142,-0.5566813944898317
fx61168,0.6060326409169343,-0.3011596532196007
fx61184,260.6599832314882,-0.7725662465988659
fx62k131,0.5882193706002372,-0.2424783136775128
fx62k153,43.05577189153132,-0.5874364269947898
fx63100,6.425098336872159,-0.4759111187677758
fx63110,6.669062436570631,-0.4851088275255882
fx63120,22.347812877053816,-0.557224829487383
fx63137,98.15383720450144,-0.6588774448372016
fx63137sm,260.66605725573544,-0.7175876277711435
fx63143,0.3109731607725726,-0.2637724645508517
fx63145,0.7490642876415351,-0.28719376873178
fx63147,0.9283465377938792,-0.3338923149720142
fx63158,0.4974516405635475,-0.2597674118113814
fx6617a2,10.43873700234629,-0.5248969341505582
fx6617ai,15.623237522499045,-0.556101408179001
fx66182,11.2062420592359,-0.5300156344817903
fx66196v,33.82470680913977,-0.6142499257257205
fx66a175,1.2126537973622409,-0.3406608548968738
fx66h60,0.6166024381501033,-0.3453592615878756
fx66h80,0.3311550966576896,-0.273375987796895
fx66s161,0.9128323895007404,-0.3400073407601858
fx66s171,5.672816201100523,-0.4818835424733043
fx66s196,356.39742614542484,-0.7909855607071951
fx67k150,9.211074191127382,-0.4426907737522408
fx67k170,1985.7970196588003,-0.8799674029461053
fx68h120,2.854668080858576,-0.4366302801699045
fx69274,1269.017145015061,-0.8738036281774102
fx69h083,0.7541403128337579,-0.3331740455224834
fx69h098,2.3572598037050065,-0.4502186178597941
fx69pr281,388815.0516613629,-1.281186134435742
fx71089a,0.8228813555521439,-0.3741789303896917
fx71120,1.1712237157740275,-0.3879326280682337
fx711520,40.64039686701386,-0.6364051665608587
fx711525,30.328098282704836,-0.6162664498487153
fx711530,20.314611709008236,-0.5845949278493087
fx71l150,20.314611709008236,-0.5845949278493087
fx72150a,0.2243000575166865,-0.0342603027914115
fx72ls160,5.946500249997516,-0.3004343924675074
fx73170,76.04155389914182,-0.6465454966185653
fx73170a,1438.3829256980791,-0.8483474041167146
fx73cl1152,2311.7790490929924,-0.8973774728767663
fx73cl2152,704.9429911797907,-0.8073200056122932
fx73cl3152,87018.83289826999,-1.102549852039031
fx73k170,48.71475062087082,-0.6159719079460936
fx74080,0.0822491784202919,-0.0641623176423188
fx74130wp1,14.250298936930632,-0.5206017354740847
fx74130wp2,9.191257011978808,-0.4768541907207416
fx74130wp2mod,7.885685842058799,-0.4740600659030625
fx74cl6140,0.2065615855770252,-0.0687469357540531
fx74modsm,0.1133725322792693,0.0188498124413673
fx75141,4.645545792412101,-0.456764081090423
fx75193,428.2912057594352,-0.7785008612365537
fx75vg166,1833.3405187658195,-0.9056303132764938
fx76100,2.8491866189269466,-0.4699710052613034
fx76120,3.0837946702325736,-0.4673745029010559
fx76mp120,0.0423392089172697,0.0761929030361046
fx76mp140,9316.06708733659,-0.9443563684746474
fx76mp160,1686.8617239127811,-0.8758957792773945
fx77080,2.4122294419241994,-0.4650920541198421
fx77w121,6.673668805180815,-0.4683921179729129
fx77w153,2.377707209289176,-0.3945398525547752
fx77w258,2033.909215180915,-0.8996656879727407
fx77w270,445.95174767712825,-0.7715630284440465
fx77w270s,3341.0460183283312,-0.9365823054485506
fx77w343,258470.7834262917,-1.239336761710597
fx78k140,50.06257795340942,-0.6191921575587297
fx78k140a20,21.69982198409616,-0.5478258708146081
fx78k150,47.99997168258985,-0.6191624438435945
fx78k161,1300.3225662755292,-0.8798683531393534
fx78pk188,7770.79620798888,-1.0151125753225214
fx79k144,29.470457647621338,-0.6012608325819748
fx79l100,0.8941468696242441,-0.3700460899634515
fx79l120,1.7934292481827965,-0.4148224937868891
fx79w151a,2.334496128791719,-0.4116305207026366
fx79w470a,1533.8334827848475,-0.8122728849683097
fx79w660a,34.94319302587585,-0.4580765591003851
fx80080,0.752536495053696,-0.3337102374293374
fx83w108,4.2047868620790405,-0.4534638957964518
fx83w160,36.99539241768083,-0.618172305863033
fx83w227,60.38270378166261,-0.6539622950095639
fx84w097,1.1639847432118535,-0.3680160410020539
fx84w127,4.43909559851383,-0.4579894314168287
fx84w140,7.832923805627951,-0.4959861448814998
fx84w150,7.705383796028733,-0.4944626634117562
fx84w175,17.023775372989544,-0.5512100409940894
fx84w218,136.2312362658326,-0.7147486765961267
fxl142k,3.893556725652397,-0.4627486232525228
fxlv152,14.487283678601258,-0.5604819967530581
fxm2,0.0429679259658969,0.0020266654377616
fxs02196,66.76637887594056,-0.6662292239850752
fxs03182,753.506145178768,-0.8511639898887817
fxs21158,0.6273418382784881,-0.3008272645486093
geminism,3.621519641788994,-0.4644648256423547
giiia,13.584583944521244,-0.5795269812828944
giiib,10.790710327968249,-0.5642159078171364
giiic,8.00998205515307,-0.5418333371262841
giiid,6.768514666428199,-0.5291180550610679
giiie,3.058735292419786,-0.4708430884749284
giiif,2.3644586574192488,-0.4540557273277729
giiig,2.397370258236256,-0.455250871699185
giiih,2.366354675377363,-0.4542508017364563
giiii,0.7154460866775718,-0.3514311753421755
giiij,0.3246721420603662,-0.2802725831353655
giiik,0.4695985631023672,-0.3033106240254991
giiil,0.6189003126073565,-0.3221892309020518
giiim,2.3278453287429866,-0.4116115118773199
giiin,5.006254355973365,-0.4596083014211966
glennmartin2,0.0058435913190114,0.1877397917568652
glennmartin3,14.815698006945,-0.533701704890564
glennmartin4,9.424137742991569,-0.4931979188276587
gm15sm,1.3117889544566042,-0.3459258169888763
goe05k,0.0367885136278839,-0.1052474948642186
goe06k,0.0448037432590983,-0.0686287364689135
goe07k,0.0012958930132695,0.2549747883704767
goe09k,0.2928206364855515,-0.3022784781785808
goe100,0.0694373533542885,-0.0910093808239024
goe101,0.1223187561328478,-0.1095871412435955
goe10k,0.1613206150219771,-0.2411742060762222
goe113,0.0875412592902372,-0.115909388826676
goe114,0.3988450816695623,-0.2588386256049292
goe115,0.7052703613298881,-0.3244697979332486
goe116,0.536607414504465,-0.2916495159757584
goe117,2.689714609560705,-0.4164509321065971
goe118,0.1660989498341039,-0.0927700673674241
goe11k,1.7643256753769636,-0.3867817939482445
goe121,349.22165254904013,-0.7677743096956262
goe122,6.669529786413336,-0.439315557620584
goe123,0.1696511104816237,-0.0920969616872076
goe124,0.2081282677899492,-0.1111366530226891
goe12k,55.45998861074387,-0.6351052860381584
goe133,49.16544385045343,-0.5997112697770194
goe134,0.3478233563102948,-0.1974628686558757
goe137,28.356688836684093,-0.5511098757923276
goe13k,136.12158600704475,-0.6552135469644154
goe14,0.23402483202644,-0.0906782685623249
goe140,0.1491220989436839,-0.0879442969603928
goe142,19.046582858787534,-0.5342831181202998
goe143,43.0542187486003,-0.5997186087081414
goe144,5.202283573276328,-0.4574730374434715
goe147,0.7976373354451399,-0.3331583001989509
goe14k,99.03933244226722,-0.6884212620094553
goe15,0.0521772661572631,0.0471432625424451
goe155,0.8526430041403079,-0.2342149186025677
goe15k,382.08950599208936,-0.7774408552066391
goe164,0.072281399942061,-0.0100587057253879
goe165,0.08865740748479,-0.0908268816976936
goe167,37.89508254537429,-0.5730879610010703
goe16k,1227.9883615105105,-0.8508452106785128
goe173,0.0906012500263212,-0.0339939340714745
goe174,0.1163421483828704,-0.0670619345265656
goe176,0.1617875149396889,-0.1163207793915458
goe177,0.3348135293826846,-0.1703265624961642
goe178,35.27001859146774,-0.604890816069827
goe180,48.88359366307267,-0.6120433965322187
goe182,957.9280166516188,-0.8399065256528692
goe184,998.0071636332824,-0.8418777952621894
goe187,0.103550804096216,-0.0663900518184272
goe188,0.0581407248441755,-0.0324084571602468
goe190,2.9920487932284865,-0.4091440092533844
goe195,16.976315173907178,-0.5261821692038658
goe198,0.2134101564720437,-0.0937649579988084
goe199,0.1518829024578016,-0.0913895248905625
goe207,0.1410362065198906,-0.0636371291947955
goe210,0.0958100947877523,-0.0715339114114052
goe217,1.0711696140309972,-0.3186840580002905
goe222,1067.195038763915,-0.8206566060288312
goe223,4.625172961007383,-0.4318935694916442
goe225,108846.13801828268,-1.1614086460938569
goe226,380275.9714415754,-1.2568957898807185
goe227,408612.9387123299,-1.260670346491034
goe228,30421.74007357065,-1.0661761364907405
goe229,2.802410919821813,-0.4038399871608639
goe233,1739.9063621186776,-0.8655000708456856
goe234,6580.867728269754,-0.9312762764833736
goe235,33.34232221598599,-0.5736595468578796
goe238,17.572164193145937,-0.4763405808481976
goe239,599.0834869593842,-0.805622368193213
goe240,0.1756455268839533,-0.1047450215522628
goe241,0.361186597583174,-0.0693155938495489
goe242,19.72245957639196,-0.4171553601592288
goe243,1.0672643980447072,-0.158745040415224
goe255,4.341372288660141,-0.452428809676875
goe256,21.883401492440093,-0.5618565335218313
goe257,3.4253089879045766,-0.3828200783478014
goe264,45.71708975704965,-0.5502380184288655
goe265,14.626657261313248,-0.4344169183539176
goe269,48.98431211004768,-0.5669172547309446
goe274,0.0443657380924242,0.0097133867609652
goe275,0.0430500835160224,0.0040760693231838
goe276,0.0725283466370066,-0.0585197110977396
goe277,0.3673228905947079,-0.1865207296989106
goe278,0.1340457515233639,-0.1014535242240207
goe279,0.0438443732013052,0.0037092735188611
goe280,0.0731821354494482,-0.0375172289947865
goe281,0.1207441675477906,-0.0834389645858399
goe282,1.6923612983693106,-0.3065006149083005
goe284,8.047629116121193,-0.4874223744175421
goe285,6.5104572108841525,-0.4845809141430493
goe286,67.87939138183299,-0.645389652872027
goe287,16.13947341788326,-0.4904086885376444
goe288,1.9780270563843971,-0.3840438844060171
goe289,13829.109615086822,-1.0401171289237523
goe290,0.5462468942103914,-0.2912316976903267
goe298,355.9156033437,-0.771794538298983
goe29b,0.209886786715701,-0.0907646090439062
goe300,0.6867420006674573,-0.189803595402565
goe301,0.098046392104871,-0.0272536207346968
goe303,2094.749348349371,-0.8614927089457389
goe304,0.183299679626947,-0.0808952859264322
goe308,12.40696490565662,-0.4624061667725641
goe309,7.251466436362859,-0.4360412976142683
goe310,3.686457666283896,-0.4433131987605647
goe311,983.532786838602,-0.8283728374024721
goe314,0.4226164498819565,-0.1861900218112572
goe315,34.56561908477975,-0.5655463668267974
goe316,9.93970144462684,-0.462249611899462
goe318,55.02290068236273,-0.6294514415995275
goe319,1.815749635437521,-0.2798664501684755
goe320,0.5002942448144371,-0.1575606734929221
goe321,144.06212494943506,-0.6620056303771815
goe322,225.89849304642175,-0.67509093519117
goe323,59.360093230418514,-0.5870670679041317
goe324,6.146586173211142,-0.3879464764940496
goe325,1.3598508573294437,-0.2863398398928306
goe326,0.3268013864388544,-0.166913719330091
goe328,30.77757095579997,-0.5484436451497755
goe329,0.220479265700075,-0.1127902127588668
goe330,0.1382041912992243,-0.0684298608636749
goe331,0.0945761811727519,-0.0109112107923274
goe332,70.98356288914202,-0.5611128281276135
goe335,0.0731384768957665,-0.0425729410114601
goe336,2.850259162160395,-0.3337746067794267
goe342,0.1485534982092675,-0.0699240733897186
goe344,1.4865046626315506,-0.3834750005257351
goe346,0.0983245079061873,-0.0861961923473134
goe358,5.5055810647430246,-0.4630951601173168
goe359,0.0933999525406235,-0.0384325582688976
goe360,0.2021550584790647,-0.1020447523779882
goe361,0.1095096711735528,-0.0591782646529062
goe362,0.0744264732885786,-0.0329477176128547
goe363,0.3604938396830548,-0.1508360480825794
goe364,0.0453779872184725,0.0462579959951692
goe365,0.0761819500034194,-0.0272993202053526
goe366,0.063017281932139,0.0437846077732333
goe367,15.15260572701704,-0.5390768967007392
goe368,0.1414000682224603,-0.1817096206335179
goe369,0.0694795308647887,-0.0227172459271022
goe370,0.074543158927662,-0.0311194254088664
goe371,0.0705821818398559,-0.0427538113642436
goe372,11.901809233112012,-0.5236426331235465
goe373,0.067611110336781,-0.0223749618369287
goe374,0.0552107907557246,-0.0221112149774447
goe375,0.0581554604036747,-0.0230081454802436
goe376,0.0641673411811702,-0.0256907476265992
goe377,0.316307522855799,-0.1945139448470398
goe379,0.0603984540517625,-0.0156197213510137
goe380,0.0416484838778776,0.022841271634587
goe381,0.1055296678550382,-0.051038332508638
goe382,4702.777536917964,-0.9424319343246356
goe383,516.2449230545233,-0.7953336898619796
goe384,1295244.535480073,-1.3447962933643467
goe385,5.677405903887482,-0.4231865949555982
goe386,20.5693880071566,-0.5547273545911815
goe387,249.69180235614493,-0.7356420831383075
goe388,92.13569794712777,-0.6230489022853659
goe389,6.576400763797475,-0.4716244253204968
goe390,1228033.3087499477,-1.3448588525983156
goe391,0.0075906981190108,0.088820300560924
goe392,0.0231538174471839,0.0418432184529307
goe393,113.35849878715752,-0.6895073639577497
goe394,431.44981370461386,-0.735601997242057
goe395,0.166733359962745,-0.0761209304852663
goe396,0.058239074077001,-0.0080262176310857
goe397,3.2791780733099447,-0.3804216878324986
goe398,5.333743249565055,-0.4668464263501353
goe399,83.93118279268313,-0.6433274165314024
goe400,757.2815454152693,-0.8244431510136365
goe401,77.30908966012099,-0.6104229389730536
goe402,0.0821995441711674,-0.0308853116135916
goe403,11.407144081886358,-0.4987676745251869
goe404,426.54470142172033,-0.7827164576150881
goe405,0.0108054558766563,0.1602088218021152
goe406,1.0646967898035542,-0.2333385876948198
goe407,0.216761523817852,-0.1310163074834691
goe408,67.28500469827236,-0.6433412462924775
goe409,26.077840184553597,-0.6273067537495111
goe410,3.0026979471704576,-0.4386251244265755
goe411,11.87238174813806,-0.5659020914242281
goe412,13.921688478392245,-0.5323958141068885
goe413,3.93250761494246,-0.4426270799210033
goe414,6.6472161978222735,-0.4793741746655969
goe415,0.1709125326940226,-0.1528606355851527
goe416a,3.6497616522510152,-0.4682484892041464
goe417,0.0500460041679031,0.0174053779854467
goe417a,0.0171704463311482,0.095297439637044
goe418,969.84472066683,-0.8474813945889558
goe419,0.0202994557484783,0.0324592344566184
goe420,12.655503470424064,-0.5357312243991137
goe421,8291.489132607121,-0.9670114129781592
goe422,14935.82454865271,-0.9775267822211626
goe423,8.443166965887773,-0.4898088072841211
goe424,1.518134298894215,-0.3564950968891835
goe425,3.148127701632639,-0.4183418777816384
goe426,20.73083263258249,-0.5569498347808615
goe427,0.0243325674073391,0.0571439888890646
goe428,0.0725713808697479,-0.0308616082936579
goe429,0.8890062687197581,-0.3632900735050188
goe430,12.29431471454131,-0.5342644260187269
goe431,0.0023476388164078,0.2830366252600975
goe432,0.0343558343678448,-0.0060473821955716
goe433,7.143243086251964,-0.4873114945357557
goe434,16.89138935206926,-0.5457197770428832
goe435,188.9176022033512,-0.7252678333393352
goe436,11.197095674068477,-0.525822873837883
goe437,0.0636661412022029,-0.0339353042276902
goe438,12.59836164414098,-0.5337283661758545
goe439,0.0780900806289206,-0.0381524558500348
goe441,71551.55139141488,-1.0985129177721316
goe442,0.0336315458257987,-0.0027097912276562
goe443,1.0248015760163522,-0.4010749231869737
goe444,1.4438728223727624,-0.4243768516473297
goe445,2.274303419223246,-0.4602203303167347
goe446,2801.3613166890727,-0.8530757498960029
goe447,0.125534612630747,-0.0021397997972423
goe449,20.995166776605945,-0.5613170784963893
goe450,131.84507072976652,-0.6461363260328813
goe451,0.0561471521435343,-0.0046481800807777
goe456,0.0382602576141086,0.0152774154593342
goe457,0.1349259525182,-0.1212714754989291
goe458,0.0370202462213252,0.0180228309466757
goe459,8.883551946418267,-0.5451313801494195
goe460,7.396244895000139,-0.5080338241427373
goe462,0.1214120534292045,0.0147543690953859
goe464,0.0469566212646222,0.0611546553521686
goe474,3.052192923589327,-0.4449401362157792
goe476,666.257261778411,-0.8185173790314864
goe477,25.3319328628332,-0.5764153285944656
goe478,11.521913517802725,-0.5203109614213299
goe479,6.748989425436428,-0.4899054875902908
goe480,4165.327347562494,-0.9439370579733024
goe481,0.0348017899406818,0.0952226119574232
goe481a,254.17699902032103,-0.7462512709521344
goe483,0.0906598750319863,-0.04257474858163
goe484,285.26144088319046,-0.7353799870969251
goe488,2.867432038446919,-0.4227117464649156
goe490,2.8810253622844635,-0.4251661151431634
goe491,1.830675964727877,-0.4021410510707866
goe492,0.5953899886603099,-0.2980737384841015
goe493,10.126954389495191,-0.5297042101681086
goe494,0.0455999868186008,-0.0092584991846299
goe495,7.838240511260337,-0.4611623108207504
goe496,10.137102112870483,-0.5177272974690085
goe497,10.2528910473515,-0.5193968260190063
goe498,8.446224943167648,-0.4989182516043812
goe499,0.0129447567903656,0.1113733721426686
goe500,162.7702153971489,-0.7160702327563654
goe501,30.867915171470585,-0.5889032757248378
goe502,10.38937039524465,-0.5092218415430522
goe503,137677.83912362249,-1.176252460202994
goe504,2.8588914602965683,-0.4050991995062726
goe505,1.3107498127167418,-0.2788782623131174
goe506,7.526113975962873,-0.4545320170585676
goe507,2.4454033423512893,-0.4239815900162075
goe508,1020.6186693008405,-0.8363372229565483
goe509,65.96670813135935,-0.6243398523438252
goe510,116.32844193136884,-0.6325252079894873
goe512,0.0022897493377119,0.1871043264891305
goe513,2.309865348611897,-0.394694874148319
goe514,8.527191904571032,-0.4815155269322467
goe515,3.095971678891598,-0.4444270435537847
goe517,0.0293569917148194,0.0219710782965621
goe522,8.266193869341988,-0.4962434559539732
goe526,9.552247131067494,-0.5127640366471548
goe527,498.81918576629823,-0.7923149310868557
goe528,431.9949814429433,-0.7069430009486614
goe529,267.6097772647289,-0.6881557930978102
goe530,342.9973618909545,-0.7629562139398183
goe532,33.97007890510489,-0.5969769386790125
goe533,13.292374731019128,-0.526595486960034
goe534,5.196832627528571,-0.4652118747093537
goe535,148.37789393315683,-0.704640540097602
goe54,0.1395829013828776,-0.1218362577733233
goe546,3.872560969095361,-0.4513116299375665
goe547,6.549154922867896,-0.4855937906277016
goe548,6.131645024674453,-0.5024611002420554
goe549,6.191162175047748,-0.4725568177519299
goe55,0.3339016323211294,-0.2616149154960305
goe550,13.072668835984649,-0.5451283041147822
goe553,10.782299905485786,-0.5121668352056429
goe559,0.0350623804611985,-0.0287092524854602
goe562,0.0425680511031776,0.0501751171518601
goe563,1.0588911589890948,-0.3643798862540223
goe564,1.7171637551071202,-0.3962952553194424
goe565,1.0902276199346783,-0.3625681145703651
goe566,1.2947937313771334,-0.3753085903300469
goe567,3.686654963987997,-0.4396777512222153
goe57,0.101737195825252,-0.0584712135015408
goe573,3.5876239616702974,-0.2962197496193961
goe574,0.0521101162386652,-0.0334499865258847
goe575,7.596764460010253,-0.4950022526264282
goe584,23.68631040048771,-0.5724180226411781
goe585,3.835722093571169,-0.4533095674799274
goe587,0.8846892254684567,-0.3356720902762385
goe590,1.345091378770929,-0.3135983786909955
goe591,246.4893502068872,-0.7299135636260021
goe592,11132.160877309285,-0.9341379715807736
goe593,6.1204940654470965,-0.4836047965125917
goe595,1.0238034371444331,-0.3495156556049152
goe596,31.208650457078928,-0.5965026143361674
goe598,1.3771950512466202,-0.4239701717686511
goe599,3.0975592039619158,-0.4636095966936167
goe600,3.2200932546933423,-0.4555005114925637
goe601,15.789555033044335,-0.5656869796102733
goe602,2.3387332703987345,-0.4053101303483421
goe602m,2.1407260761745017,-0.3910918698647005
goe604,1.5443243232594115,-0.3686227670005745
goe610b,40.87069150039583,-0.5449034706064841
goe610bm,0.1733912761962812,-0.0945826294048361
goe611,0.0778831409240544,-0.0117655710481844
goe612,7.722853450928605,-0.4915087384075773
goe613,6.407942860810897,-0.4328315773752768
goe614,931.1451761014064,-0.8411803329321742
goe615,1127.9380442052332,-0.843959705913291
goe617,2.946221513337988,-0.4497091063477376
goe619,5.1604519943483655,-0.4703611556900179
goe620,344.03740956730206,-0.7646219991825159
goe621,7.759025277786021,-0.491694311126924
goe622,0.4763641393005351,-0.3098993166671991
goe623,2.5658703874465774,-0.4210372333490865
goe624,7.833366130520874,-0.4900925982540515
goe625,24.35135410810576,-0.5710031706380043
goe626,201.3069825780399,-0.7471480127735372
goe627,1.93492621750622,-0.3873746352706924
goe628,2.682561099934512,-0.4145316963412923
goe629,6.351881301235968,-0.4919025511111076
goe63,0.1607238096052266,-0.0668380984167024
goe630,0.0608625446234424,0.0510505577481711
goe632,4.144005354504267,-0.4424302048848121
goe633,4.242873760465382,-0.454424569261684
goe645,2.768794943047665,-0.4228097344826549
goe646,12.43480154170531,-0.5358384074690105
goe647,2.928028769071287,-0.4165070983587414
goe648,2.252834178001621,-0.4079044570011167
goe650,17.61911306240266,-0.5655120271727176
goe652,54000.13420226956,-1.056835268669646
goe654,286.9176027831464,-0.7409401797086834
goe655,2.403386299004155,-0.4061798487749555
goe670,10.670352846495044,-0.5245049301649026
goe673,1.0103782726697754,-0.356024130697294
goe675,941.3198744220622,-0.8352338037885809
goe676,0.9581135301527038,-0.3663122124153795
goe677,0.6642781405653814,-0.3311084049052639
goe679,5.182874310138714,-0.465820815117919
goe681,4.601600875125513,-0.4546189520361759
goe682,8.288454940252702,-0.5022623208812727
goe683,1.2389358979273268,-0.3572192122528003
goe685,12.214636824293082,-0.5422900312323913
goe692,14.08734682655667,-0.5358921917231948
goe693,4.000750276914462,-0.4526785489485811
goe701,27.235274363946715,-0.5911596816048936
goe702,6.699846610581731,-0.4807594871756488
goe703,6.95808978211391,-0.5039866195190336
goe704,0.9446611577253948,-0.3486480450009926
goe711,0.0171598095174479,0.1209799251554775
goe723,3.933859217213389,-0.442842059360774
goe735,3.211309883982741,-0.4226961297350339
goe738,2.924188568779884,-0.4432346782998351
goe741,9.471719499248662,-0.5023388381713157
goe744,3319.4604177841884,-0.904388592680522
goe746,4.512276954942779,-0.3968009166073843
goe758,6.268625119314373,-0.4728391074263381
goe765,15.983578740984411,-0.5726428425065385
goe766,0.9134389917836516,-0.3649644345629442
goe767,0.1512507860832143,-0.2140435274761875
goe769,94.39457783121276,-0.6704214628685987
goe770,6.501158572145501,-0.4874554245827748
goe775,2.01642194261652,-0.4047505771826764
goe776,2.7828622711044853,-0.4201078763781847
goe777,3.3690719941882024,-0.4143946654991543
goe780,41.00929890050308,-0.6428488318857227
goe79,0.1144307830125313,-0.0545470094372426
goe795,0.8616309179508311,-0.3526001040181918
goe795sm,0.7509027574894915,-0.3409959057376119
goe796,5.127131114463954,-0.472103412475849
goe797,14.374631507521428,-0.5362414109348822
goe798,50434.32507705027,-1.1315236655886578
goe801,0.2056031728769317,-0.093379774002891
goe802,0.2056031728769317,-0.093379774002891
goe802a,0.2523172040552316,-0.1069957257914845
goe802b,0.2679109519974842,-0.1070363477966129
goe803h,0.1211228257046762,-0.0495836104287058
goe804,0.0047054601993125,0.2080110427783379
goe81,0.1253100798258962,-0.0526808720821585
goe92,0.1175898478808481,-0.0606332230077386
griffith30symsuction,4.699411500669613,-0.3230918740855861
gs1,4.223904580894396,-0.4558850551736033
gu255118,0.0527046163430605,0.040124909007394
hh02,2.4285523749003293,-0.4358184550228489
hobie,4.0643841940216605,-0.4516335666127797
hobiesm,2.645950772743548,-0.4306092655484564
hor04,0.4585078064468748,-0.2998809542985536
hor07,3.851053641901776,-0.4374545018483753
hor12,1.4532264389606622,-0.3751265949957447
hor20,4.649065076826743,-0.4537273393581512
hq010,2.8702144487076744,-0.4611545943526235
hq07,1.0880629097422625,-0.4039351553961645
hq09,1.1834960644720736,-0.4032636907116261
hq1010,3.3907004337493856,-0.4741677146427124
hq1012,6.290380157109876,-0.513682857181542
hq108,1.6714415143056542,-0.429391765242122
hq109,2.303722040946699,-0.4491674268729831
hq1510,3.865033352800568,-0.4832567291897309
hq1511,5.479926366475334,-0.5058712030566107
hq1512,6.984383193483616,-0.5210717469355118
hq158,1.4840498541059264,-0.4162188229553561
hq1585,1.7934435249983829,-0.4280399225095513
hq159,2.5655003998446784,-0.4555716596583712
hq159b,2.660170663727841,-0.4583154255952048
hq17,19.315179966454536,-0.5358630886088377
hq2010,1.8690055299916253,-0.421855744903805
hq2012,6.75143072217145,-0.5174009326271911
hq208,0.3088545268506013,-0.27231284154675
hq209,0.7200917267579507,-0.3447628055593566
hq2090sm,0.7766172052072399,-0.3509979899044906
hq2195,0.7976012419045803,-0.3441740748623017
hq2510,1.112251053606938,-0.3611819324270964
hq2511,1.4158333205320486,-0.3859406708601619
hq2512,2.1255383605336013,-0.4200630707422258
hq258,0.3715022956449605,-0.2672948500380284
hq259,0.8262648758644793,-0.3354307317656392
hq2590sm,1.1665942090323915,-0.3650041654556017
hq259b,1.1665876171879566,-0.3650037061801053
hq300gd2,4.154893338813275,-0.4370478656360423
hq3010,1.676140623132908,-0.3830940410547676
hq3011,1.9183605602023344,-0.396854860990916
hq3012,2.6951994094639558,-0.4249188101810707
hq3013,3.2580688437204453,-0.4416849755745493
hq3014,4.258213471922534,-0.4637769711236495
hq3015,6.205674506217061,-0.4927643235264832
hq308,0.1740634649394248,-0.177615866183149
hq309,0.9075316779129357,-0.3273361487041252
hq3510,4.2917390645218845,-0.4348464089668351
hq3512,3.582246522486534,-0.4382323549710721
hq3513,3.560157568407864,-0.4400174956126675
hq3514,5.442351405871968,-0.4737012067256643
hq3518,16.77786978647525,-0.5588792115899933
hq358,0.0354433242993135,-0.0203561964573662
hq359,0.2925060763514078,-0.2006096890256669
hs1404,0.1781455725973315,-0.1999434245593629
hs1430,8.134193609033943,-0.4747006075428144
hs1606,2.4640837864512344,-0.3960846969129356
hs1620,29.236435913553976,-0.5834855222815927
hs1708,21.556017889859465,-0.5649070526771127
hs1712,6.948314855491282,-0.4601035110210015
hsnlf213,89.09355690132631,-0.6934326585697701
ht05,0.2980020804224863,-0.3014628647084051
ht08,1.2075917708947337,-0.4210839320718401
ht12,0.8884584800903529,-0.3994697579996712
ht22,0.1016805969952904,-0.2192939490136906
ht23,0.1868671790308036,-0.2684235791524618
isa571,2.513292196792184,-0.3954903824864192
isa960,4.783357100843367,-0.455423230543773
isa961,4.627558532907048,-0.4514733704988121
isa962,624.1961546517381,-0.7965242326145665
j5012,16.917573309168656,-0.5974759302358889
jn153,0.0516164287469182,0.0769602828523225
joukowsk,0.6802760790322679,-0.3424417939772201
joukowsk0009,0.422956307891666,-0.3199015718593493
joukowsk0015,1.6443072900862938,-0.3992225664229949
joukowsk0018,2.6667796999739197,-0.4285202478091836
joukowsk0021,4.405286080713221,-0.4599339908188696
k1,26.588776148916743,-0.6154425349263445
k2,2.809340202289705,-0.4301623453768495
k3,232.32820713603584,-0.75234918731144
k3311,2.029874266358295,-0.3989188100637404
k3311sm,1.9772241528974248,-0.3986191241342218
kc135a,5.659467112059961,-0.492447134752783
kc135b,0.6921229220493775,-0.3278506187339835
kc135c,0.8428810012839578,-0.3372437367275339
kc135d,1.3173430896503422,-0.3661908564386199
kc135winglet,0.237803357552391,-0.2048824373388121
l1003,1801.3350797034725,-0.7927933308061774
l188root,11.399864680706974,-0.5466860661532403
l188tip,4.647258693236973,-0.4642143441283012
l7769,27.733632415447985,-0.58223904663301
la203a,10566.292357517092,-0.9884741378028216
la2573a,6.2167543867012816,-0.4702457485439606
la5055,2679.1493438440943,-0.8818442454064316
lds2,2.063382181564972,-0.4226643231343622
lg10sc,6.502694212331051,-0.5296878435794774
lnv109a,2156.313470900994,-0.8564581777969916
lrn1007,0.0447452848101087,0.0249316302629232
lrn1015,9.4042602176185,-0.4313007065339867
ls013,18.750051057078927,-0.5855689855913377
ls413,6.243212233252811,-0.48813080924756
ls413mod,2.175566402415277,-0.4150942502369454
ls417,56.35091108686506,-0.6539464741087747
ls417mod,5.412738846519665,-0.4821837370897764
ls421,809.808515312118,-0.8510630226583388
ls421mod,43.06292918757005,-0.6351936460643113
lwk79100,0.636831371494871,-0.3410954924897013
lwk80080,2.074219097656602,-0.4412475273273255
lwk80100,7.995299453776614,-0.5327745922875832
lwk80120k25,33.18046325785472,-0.6321957781120374
lwk80150k25,226.961411071406,-0.7656152400457578
m1,1.5508481777041483,-0.432518958142772
m10,0.1457881214189559,-0.2206215525792279
m11,0.3589046992470239,-0.2894819107032598
m12,1.0337967198900877,-0.3722874450718961
m13,39.9346695257195,-0.604134141219921
m14,38.49372670808485,-0.604252327611397
m15,5.744611837270489,-0.4707351627292635
m16,24.708059518648504,-0.555672997852357
m17,23.68292386907584,-0.5693269223867753
m18,5.465778957420299,-0.4638780278134866
m19,0.1613958705118907,-0.0977802951525859
m2,3.4355190264014626,-0.4885673882208535
m20,0.2543487171732439,-0.1344976936392993
m21,550.5131060598758,-0.7666010619292853
m22,0.2340201314710504,-0.1317746742970331
m23,0.3389727542387754,-0.1596966158010961
m24,180.0855974771585,-0.6739230752023077
m25,0.1978358763236733,-0.0912902897757329
m26,0.2747143729755153,-0.1134329244646842
m27,0.4039230388345465,-0.1373454075126659
m3,8.998681230205579,-0.548749590743293
m4,0.3667227110094462,-0.2815905482683948
m5,0.2801601914746217,-0.2616556304215034
m6,1.049778986713568,-0.369169776400177
m665,2.184400313717971,-0.4475069804854724
m685,1.8038565635542223,-0.4186297403473872
m7,0.2070344559270578,-0.148333617285899
m8,0.5460999601832851,-0.163384849322631
m9,19.718039046924236,-0.474459276428113
ma409,0.8388986909616281,-0.3374878833072519
ma409sm,0.9032010979945274,-0.3423466960772547
marske1,0.7881011355427573,-0.3292339720680415
marske2,1.2680269043211143,-0.3833482285100601
marske3,3.2637784496763897,-0.4553816858971179
marske4,0.1673586867790435,-0.2011224076577979
marske5,0.2548201897054979,-0.2309347801760747
marske7,83.2130649573091,-0.6874758926520553
mb253515sm,9.14141923838876,-0.5349744910649659
mh102,1.7457906232179266,-0.3888924883645419
mh104,1.4912286979328506,-0.3906621528575317
mh106,1.378279624241642,-0.3937406372994487
mh108,1.2473984936436684,-0.3906310245514094
mh110,1.4122771012437318,-0.4015843902270464
mh112,10.816358016256864,-0.3691285309215508
mh113,34.97851694339755,-0.481257786385441
mh114,0.1573920331247986,-0.0465186249247168
mh115,0.0269553192961358,0.0508128633677049
mh116,2.852859817128276,-0.4171278182168935
mh117,1.0305631490237963,-0.3659494561778562
mh120,0.4874558307479751,-0.303833118030673
mh121,0.4753271952868262,-0.2802952480244257
mh122,0.8837754004269786,-0.3180831338063998
mh150,21.203117535284637,-0.5632568824059221
mh18,1.7880190779230392,-0.4125462708071475
mh20,1.5604125080546871,-0.417560045894763
mh200,26.708199088834128,-0.6180575721612862
mh201,4.24652657464636,-0.4605100220365919
mh22,0.2693347734809748,-0.2865336460901165
mh23,9.4576948238024,-0.5549404481369701
mh24,21.644197887328776,-0.610279749776061
mh25,38.86498529321626,-0.6449123216503575
mh26,59.28890237825288,-0.6663313940215707
mh27,78.01986525726042,-0.6762505720383357
mh30,0.6041998564827152,-0.3404999973784098
mh32,0.4475842834678709,-0.2993956013326213
mh33,1.6871514998981751,-0.4321823316909823
mh38,1.7014198245062353,-0.3864048773098959
mh42,0.4131942507958791,-0.3142958442590308
mh43,0.4479402941555535,-0.3227472371976194
mh44,1.35074167068118,-0.4084070545221769
mh45,0.677719514432709,-0.3510062105874127
mh46,0.849764667957129,-0.373821441437682
mh60,0.811579746653521,-0.3640467735468232
mh61,2.3679853456672366,-0.448850828976351
mh62,0.6603065901904258,-0.351223349877378
mh64,0.5333405312623234,-0.3377068518646889
mh70,0.8134186002823284,-0.3380676651701515
mh78,6.5925239337624015,-0.504375733842003
mh80,0.3403418554505403,-0.2776421870392113
mh81,0.2241030592196659,-0.2316255712400025
mh82,1.026677435819819,-0.3404481868265699
mh83,11.135578832947896,-0.5082999855432639
mh84,3.717344077087303,-0.433483707224904
mh91,8.19971964255201,-0.5258212524303753
mh92,11.084455020305526,-0.5468321220859695
mh93,15.13266053172249,-0.5685230193100262
mh94,35.33538614859626,-0.6363375781908536
mh95,131.494347817849,-0.7379912705979951
miley,45.49679430930802,-0.5844209556694907
mrc,8.957563130964056,-0.500393459769175
ms313,16.402226370618596,-0.5755824101539774
ms317,101.4550286583421,-0.7063734600358066
mue139,48.59003638990085,-0.6241697168042775
n0009sm,5.046511488085746,-0.5170718714205034
n0011sc,46.19430108038577,-0.6554651989764155
n0012,3.313741035000876,-0.4728171477714724
n10,2.868859865429732,-0.4241946837817899
n11,8.81541379734743,-0.5010448314137703
n11h9,0.7055670620504221,-0.2526668534576149
n12,7.871465155371745,-0.5449156179987639
n13,15.382933791683152,-0.590269860894766
n14,29.734878036874576,-0.6399822945012171
n1h15,226.985770442955,-0.7010166991747228
n22,4.271269478022462,-0.4547214809464509
n24,6.104031590769521,-0.4710355093092073
n2414,1.7615487172304305,-0.4063503317663391
n2415,1.9266933318985464,-0.4110791624062057
n2h15,2812.093092091751,-0.9033630479454128
n5h10,15.564055012214697,-0.5799914693385712
n5h15,17.550090384269012,-0.5663955993585681
n5h20,348.5536324844779,-0.7607470884669532
n63010a,2.4266376810727626,-0.4515529840492929
n63012a,4.32423054591874,-0.4876704700822242
n63015a,7.350186691881829,-0.518379803742627
n63210,2.8872692524765537,-0.4607576292169921
n63212,5.80371097728568,-0.5065701937889707
n63215,13.359835613323837,-0.5606384285666998
n63215b,16.34079370391683,-0.5750436446862696
n63412,3.874612876820665,-0.4740629251589864
n63415,12.92852318401037,-0.5583427242497385
n64008a,1.7187664324679253,-0.4350882506842545
n64012,6.78345830604452,-0.5181853677961031
n64012a,5.413326769931659,-0.5035685910833447
n64015,15.970749007452357,-0.5733536334896833
n64015a,11.081131413228826,-0.548449081921055
n6409,1057.2200349777877,-0.8088703705673268
n64108,1.4431840367474993,-0.4176675218134447
n64110,3.389994438332564,-0.4726375612888838
n64212,6.856406025365745,-0.5186998843071153
n64212ma,7.084369992345826,-0.4840270442500392
n64212mb,5.609247364445987,-0.5034513268775921
n64215,16.737860666280937,-0.5769246212746655
n66021,22252.312165872703,-1.0804317752980184
n6h10,3.549429234272204,-0.3793252022776613
n6h15,58.17050105003715,-0.6353232920285269
n6h20,10247.427410776732,-0.9987169252639452
n8h12,0.9334470789913007,-0.3429198056616047
n9,0.6321718614141926,-0.32403923747435
naca0006,1.7157485390145903,-0.4445756886704034
naca0008,2.6467302239904824,-0.472350318368639
naca000834,6.9025497426396765,-0.5372719770840827
naca0010,2.831814114976265,-0.4694032260472955
naca001034,20.205084136900197,-0.6130808302357378
naca001034a08cli02,18.87477126412645,-0.6038153759564082
naca001035,25.261859815461957,-0.6034664189799984
naca001064,19.410625786636658,-0.6097493334030498
naca001065,39.99129557045788,-0.6426437150270669
naca001066,4.295377665509256,-0.4334341902198646
naca001234,50.52940727053469,-0.6759533410276921
naca001264,51.54836601468715,-0.6772470295788471
naca001264a08cli02,1.6049186663368429,-0.3698351019296259
naca0012h,0.659826785400618,-0.3402046049709196
naca0015,2.649251632317405,-0.4445812243709186
naca0018,2.046234580481193,-0.4148354826712923
naca0021,2.165418808788868,-0.4106451060837387
naca0024,2.592519787822492,-0.4170341898533148
naca1408,1.4059074872749286,-0.4186975045151396
naca1410,1.844355131282061,-0.4318232018977394
naca1412,2.277871866550746,-0.4405403192939542
naca16006,1.4468374404834077,-0.4089598559775818
naca16009,12.439583094878309,-0.5560053071134119
naca16012,137.2470278173514,-0.7239045451042081
naca16015,1059.88623039585,-0.8669689193909494
naca16018,5461.290202790168,-0.980548889417269
naca16021,20137.42398038096,-1.0695749733888773
naca22112,2.986793700219518,-0.4627455812393045
naca23012,0.9086538391769085,-0.3665793706883161
naca23015,2.326545094323781,-0.433245895313165
naca23018,1.884736617686178,-0.4082129380566422
naca23021,1.9551622955299732,-0.4027543700253087
naca23024,0.6900796957804634,-0.303034056156687
naca23112,0.7617179441170943,-0.3516672395524622
naca2408,0.3718457451863652,-0.2968889272825612
naca2410,0.8077706149188908,-0.3535062664186348
naca2411,1.536004251939027,-0.3944618292937575
naca24112,0.1824679758411636,-0.2304935067337113
naca2412,1.4069942446545811,-0.3927552739103704
naca2415,1.9132417606668772,-0.4103777069319579
naca2418,2.385046177295544,-0.4205096610130411
naca2421,2.6767102916905072,-0.4223361959013691
naca2424,3.502618727170133,-0.436124399498857
naca25112,0.196606789632209,-0.2322628998793982
naca4412,6.286962770746315,-0.4878864020032483
naca4415,5.949127117613368,-0.4834280317274438
naca4418,4.997893758984238,-0.4647075683012258
naca4421,5.734273801738818,-0.4720467718241293
naca4424,8.582394481398497,-0.4988031896670689
naca63206,0.5763482974240873,-0.3535311175706437
naca63209,2.421543487328077,-0.4520983795547284
naca632615,1.5238622899901564,-0.38273580508925
naca632a015,7.222468455721698,-0.5162139837097907
naca633018,27.97300798042098,-0.6074762598976671
naca633218,28.181389500394133,-0.6095712944534046
naca633418,30.49918385931797,-0.614910127919704
naca633618,11.135076024793351,-0.53663033217008
naca634221,79.43624746431145,-0.6791858481541468
naca634421,78.43321574108587,-0.67818205816119
naca63a210,3.655223184566822,-0.480225883217622
naca641112,6.738586068720032,-0.5175192568265384
naca6412,200.01416051844004,-0.7349579375564061
naca64206,0.4991204244691429,-0.3409382517348908
naca64208,1.871505631068478,-0.4372254702787983
naca64209,2.5963051006413544,-0.4571767739639366
naca64210,3.654639900514799,-0.4786580875051927
naca642215,16.737860666280937,-0.5769246212746655
naca642415,15.15635465313506,-0.5703860342691894
naca643218,40.85037768031077,-0.6360401534865527
naca643418,41.369250394734486,-0.6379382035129192
naca643618,3.3480458553733747,-0.4378728800357658
naca644221,134.90843437310826,-0.7184302470386569
naca644421,158.35800456299455,-0.730977028830893
naca64a010,3.189069492760064,-0.4712502357694815
naca64a210,4.154817095895527,-0.4896483368857163
naca64a410,1.787126753938621,-0.397917643841788
naca651212,16.34720906946879,-0.5828002463507584
naca651212a06,15.99416506172749,-0.5799398356939486
naca651412,3.2237148441882906,-0.4515815399432516
naca65206,0.3806886673235217,-0.3150129682652884
naca65209,4.245477517513839,-0.4938743483967489
naca65210,6.9026381170052185,-0.525823920776917
naca652215,53.386089078393525,-0.6625897533537207
naca652415,56.0333692275568,-0.6686510649100105
naca652415a05,16.17713309701484,-0.5654751640834559
naca653218,194.10273420881592,-0.7513776249947283
naca653618,28.06859656483518,-0.5929717586026403
naca65410,1.5674329083340406,-0.388874944267419
naca654221,1007.0210831925503,-0.8672947799782784
naca654421,1064.246809951105,-0.8725284313099378
naca654421a05,1204.3541650989912,-0.8815466126003906
naca66,2747.125774133747,-0.9383062398552344
naca661212,128.95342597657142,-0.7339949974915214
naca66206,0.4193253365492967,-0.3133616162888105
naca66209,17.056701748715795,-0.5971234197659584
naca66210,31.38887114690512,-0.6378250949510834
naca662215,727.5753481609156,-0.8512826600594983
naca662415,357.77516713084685,-0.7976558470805502
naca663218,3882.8402222432255,-0.9646870686570233
naca663418,6015.463490612171,-1.00240765219781
naca664221,22805.10538679391,-1.083083575517741
naca671215,700.6063143764111,-0.8251469905237396
naca747a315,33.97822665574152,-0.6299596816185007
naca747a415,1.7873077632449703,-0.3959698833543193
nacacyh,0.7880459342283344,-0.3353836719548401
nacam12,0.8856164063665894,-0.3419183365442916
nacam18,6.0300764959968784,-0.4714888915105414
nacam2,3.3945081360782834,-0.4873152072470331
nacam3,8.998681230205579,-0.548749590743293
nacam6,2.975668788101049,-0.45217555156624
nasasc2,61.74160748818862,-0.6536502070540474
ncambre,2.3050400753655262,-0.4434755881149007
nl722343,1.4832537001223187,-0.3969074893890197
nl722362,10.629912970918255,-0.5577570796238983
nlf0115,29.846598841112822,-0.6168769499154804
nlf0215f,3.877674883661835,-0.4284959779500434
nlf1015,3.3980556277946965,-0.3680612824674242
nlf414f,146.78136643408615,-0.7062992658967935
nlf415,217.56209357817517,-0.7341429389416554
nlf416,4.578170053264559,-0.4739648974191996
nlr1t,9.567254747920064,-0.5511963661233914
nlr7301,170.1603027697917,-0.7466655650266032
nn7mk20,55.004327275531416,-0.657801774947241
npl9510,21.515201508031023,-0.5920469531897602
npl9615,3.525881769768365,-0.4772308358510537
npl9626,2.4308854412857825,-0.4478015591107617
npl9627,1.7561902393567763,-0.4212239252754028
npl9660,3.950399185214152,-0.4839003971488669
nplx,13.086475678796557,-0.5701991798565494
oa206,0.9203271437430232,-0.3919938861002713
oa209,0.60167398105848,-0.3225854234686384
oa212,2.5607964597214234,-0.419289453740971
oa213,6.508479107244264,-0.4861645553551358
oaf095,2.8169745164688647,-0.4318070380850229
oaf102,1.3736570312755474,-0.3758014819781253
oaf117,0.4063998510031459,-0.2874267411946937
oaf128,0.4049470956497359,-0.2845922113095789
oaf139,0.6088493747159721,-0.3134018611415864
p51droot,9.23900470537555,-0.5255274529967865
p51dtip,49.885785157185374,-0.6566163753797323
p51hroot,1052.69840778521,-0.8763938255397076
p51htip,119.74990680216844,-0.7281192844632687
pfcm,1.8031355655355168,-0.4318326039897887
pmc19sm,0.4032420571412067,-0.2798069848763952
prandtl,1.733114987427217,-0.4321189195689208
psu,3.2561931090859804,-0.4539983363587972
psu94097,5.848299500700613,-0.45087051986876
pt40,60.94534779612549,-0.6393357915001167
pw106,0.2519815694381485,-0.2756672778583333
pw1211,0.3936045609676425,-0.3200866480994062
pw51,0.9499228969476344,-0.3861067671924191
pw75,1.2922317760490587,-0.4074345673235852
pw98mod,0.5158605798545487,-0.3376846553879143
r1046,31.27588057433173,-0.4567492747340682
r1080,252.99230011064512,-0.7688910407927307
r1082,20.80119712333947,-0.5807005655795596
r1082t,9.784594359989828,-0.5301094901745529
r140,6.606226004761171,-0.5211918065279666
r140sm,6.592148140221682,-0.5209507608614162
rae100,0.7837438846764339,-0.3669368159996748
rae101,1.1378940331106164,-0.3947751194473893
rae102,1.945440688313796,-0.4344911648468648
rae103,2.704428946678839,-0.4565479261142947
rae104,10.626340736957964,-0.560138083019218
rae2822,30.975765319018635,-0.6300066379218436
rae5212,28.9284218620969,-0.626188084616365
rae5213,1.474187238466973,-0.3995164965963315
rae5214,1.8097103946210644,-0.4153034986200093
rae5215,1.8343927038077528,-0.4132195435056614
rae69ck,30.975765319018635,-0.6300066379218436
raf15,0.868242308536102,-0.3491519676223574
raf19,0.1003123442182774,0.0141223303751324
raf25,1.4844988072673813,-0.4272143579634939
raf26,0.2842014306623587,-0.2773942276851213
raf27,3.762026079563396,-0.4907844561989434
raf28,0.6939555229940206,-0.3477387348854115
raf30,3.879768214349061,-0.4792653181741035
raf30md,2.226371152763112,-0.4593147382609207
raf31,3.792756972219293,-0.4678274387674682
raf32,9.51028432893602,-0.5112326246952221
raf32md,4.185586270964598,-0.4550178373685955
raf33,14.355474190699605,-0.5342995596687855
raf34,3.839923702586464,-0.4774331955671269
raf38,0.77963805566799,-0.3445678490373549
raf48,1.09848581315341,-0.3612378300727782
raf6,0.0246623876203447,0.0486632038773847
raf69,8.33069873266874,-0.5118314008349978
raf89,30.04606622906276,-0.5993937079137954
rc0864c,7.79038315107583,-0.5477794122513285
rc08b3,6.921898804000442,-0.5352264168818297
rc08n1,0.5508642279806133,-0.3187913079867104
rc1064c,19.936979348837912,-0.6113166478324603
rc10b3,9.09625477789192,-0.5440787707091674
rc10n1,3.672642515768588,-0.4791191475111421
rc1264c,40.82272305144856,-0.6592621452796557
rc12b3,5.136101596871834,-0.4844717597074328
rc12n1,5.029823029356427,-0.496138817265442
rc410,1.8538550059194785,-0.3978511074020514
rc510,1.451371181281742,-0.3788276171977448
rcsc2,8.9407855724849,-0.5417515993063108
rg12,4.001575598305507,-0.4913064306343846
rg12a,1.0101815026481549,-0.3777912346395934
rg12a189,1.0103036260452711,-0.3777898323218535
rg14,1.0420560955394833,-0.38621609344955
rg1410,2.069916041016523,-0.4359538497993546
rg149,1.3455862912708798,-0.4047740405290422
rg1495,1.672988402732752,-0.420649781979901
rg14a147,1.1601431906016046,-0.4034401896659543
rg15,0.8633794720773978,-0.3643747056376296
rg15a111,3.2524176024628546,-0.4654822516589271
rg15a213,2.547672715054253,-0.4337793925339095
rg8,3.1357047019155546,-0.452410656230618
rhodesg30,3.6660947986255294,-0.4522336889228494
rhodesg32,8.461910170205584,-0.5034351484512036
rhodesg34,19.67867504680065,-0.5562253719359668
rhodesg36,417.0753031484033,-0.775722404919367
s1010,2.438389889254758,-0.469654092861961
s1012,79.93487032880245,-0.6991274382952709
s1014,1113.4504062157505,-0.8695410186419016
s1016,1906.0420812361451,-0.9101177994122334
s1020,6.572984722331658,-0.4682876133651849
s102b,47.03055403816627,-0.6485523068164212
s102s,24.48505555091185,-0.5955626707280974
s1046,3.418208499743734,-0.45216911072276
s1048,1.4336965353318512,-0.3939461358196143
s1091,0.0429295065862701,0.0186599522994178
s1210,0.2131640747113624,-0.0873035789861928
s1221,1.9753829244809693,-0.3770182293710845
s1223,0.0377087830663963,0.0855017856225238
s1223rtl,0.0374295612875603,0.0866830901087268
s2027,3.326350630077094,-0.455478685425374
s2046,1.2113552899936293,-0.3757599850530208
s2048,0.6395601334272205,-0.3314905034656689
s2050,1.9593262787221364,-0.4334732245259818
s2055,0.7541567684720634,-0.3537264422909283
s2060,0.5038369124568072,-0.3208270643574569
s2062,0.5829288603420655,-0.3351213600223511
s2091,3.9072908035870384,-0.4480420312341738
s3,0.6194123617433331,-0.3368361709021381
s3002,3.047541574157218,-0.4275080969838621
s3010,0.6597928780349348,-0.3251090671272459
s3014,0.6208676784574229,-0.324731217966356
s3016,0.6510755073053605,-0.3414145623888211
s3021,0.7387022422466845,-0.3284115914365331
s3024,4.7140648866023085,-0.4579089285286697
s3025,3.2504038300678526,-0.4252627105090338
s4022,3.8396256525909807,-0.4210344728759727
s4053,1.2012490518794416,-0.3631096972448345
s4061,4.2701524425175466,-0.4510385806762307
s4062,3.3425913593928334,-0.4211977237598202
s4083,1.2882520842522174,-0.3567766438748459
s4094,0.0797418017213511,-0.1530485790638412
s4095,0.073402075944096,-0.1337374932386519
s4096,0.0636182495165731,-0.1098209993229374
s4110,1.4127452354381218,-0.3798520899785264
s4158,6.888967519606341,-0.4839672989809779
s4180,63.27821576558072,-0.649495167794627
s4233,1.1822043304064078,-0.3666293238955561
s4310,8.367982103452071,-0.4916868362102009
s4320,56.26032774454724,-0.6132954704681165
s5010,0.8052906437557855,-0.3625771059465387
s5020,1.111604051970532,-0.3567233394102717
s6061,1.062107363042276,-0.3881474553293546
s6062,0.6953646062979195,-0.3588752639538872
s6063,0.2660276342088881,-0.2849849823316432
s7012,0.2283341076068799,-0.2585908594894437
s7055,4.1691214985182805,-0.451301262472752
s7075,1.2149845593862632,-0.3627079037436038
s801,5.277705833635638,-0.4619803088711754
s802,5.141025954085661,-0.4602491488850002
s8025,0.2581485109829909,-0.2881136665394854
s803,3.290147213619068,-0.4318449918831896
s8035,1.9010819288984224,-0.4203815270406705
s8036,13.259689216356309,-0.5591028621182857
s8037,7.582119999863056,-0.5151098390688684
s8038,4.245861123962031,-0.4836492699369247
s804,0.861241766906803,-0.320702943470899
s8052,8.049664542510813,-0.5321061460676353
s8055,8.554787896112172,-0.5326113252279757
s805a,12.170668225068397,-0.5575494074714152
s8064,70.94428024318218,-0.6902378003923633
s8065,24.215605486750345,-0.6172197809537361
s8066,10.646089401559532,-0.5616218339458405
s806a,2.7500813457886326,-0.4180487846857967
s807,40.7014829975885,-0.624094484913585
s808,49.27090815845723,-0.6361274122908169
s809,3164.1806094608537,-0.937783873492183
s810,1181.2810423296337,-0.8764792186229184
s811,135925.51073668487,-1.2031985453013565
s812,997.7486923290872,-0.8585676623722867
s813,300.3253543424694,-0.7881489730481374
s814,64506.66938000199,-1.1531567099712146
s815,559455.0965335242,-1.302416512815859
s816,270.51029650868423,-0.7580698848441052
s817,50.86394484652727,-0.6196312929830682
s818,27661.81147639397,-1.0933938617873982
s819,1075.469250698858,-0.8695680579625344
s820,39.32441827957722,-0.6217998030238869
s821,81630.8937798118,-1.171327978120673
s822,170.2497470198615,-0.7486010530027277
s823,54.29673682467703,-0.6302787874845074
s825,993.0166077222322,-0.8644413303205616
s826,3.543200243269348,-0.4264994679217818
s827,5822.964675240408,-0.9848095797849288
s828,1494.1241989228456,-0.8973574487060605
s829,1206.0303617420695,-0.8726234131269719
s830,3.19346590931033,-0.3856672048610484
s832,0.345787585648213,-0.1444016601755938
s833,164.50968407741806,-0.732735192563727
s834,82.84122944789796,-0.6958181357418579
s835,102.85233219037198,-0.6972203882126311
s9000,0.3873653377313075,-0.2899928339850846
s9026,1.0725179136213117,-0.3946764560522186
s9027,0.7397730703737557,-0.3732732873913499
s9032,0.6181586277137486,-0.3537771190636216
s9033,0.440782468933285,-0.3348603059453388
s9037,3.336960161219964,-0.4304424776558063
sa7024,0.6227472761203515,-0.3006108423070343
sa7025,1.7765771159145762,-0.3684248212510299
sa7026,4.30885114288746,-0.4338648541476992
sa7035,0.5110505341605636,-0.3019703736815416
sa7036,0.7139417869638102,-0.3255171437880756
sa7038,1.884080489065068,-0.3915648119423465
saratov,8924.52996497041,-0.9246043544545398
sc1012r8,2.9326724131112405,-0.4226694482096713
sc1094r8,0.9994409474703044,-0.3517882017954209
sc1095,1.2141924217464972,-0.4006779355509138
sc1095r8,0.9996639406183896,-0.3516579935503554
sc20010,2.5345187691354623,-0.4483327070751137
sc20012,7.053349677153343,-0.516952609154524
sc20402,0.1643422606788849,-0.2625808305940308
sc20403,0.4580037980589033,-0.3441683457005526
sc20404,0.4242602209440971,-0.3320372171534594
sc20406,0.5981013021980273,-0.3516154925440539
sc20410,16.308015870636876,-0.5832889775213734
sc20412,70.46949433165452,-0.6906674565712867
sc20414,151.03115180048718,-0.7436015718087463
sc20503,0.3308295395045597,-0.3151252513272972
sc20518,234.118572944576,-0.7673449873984883
sc20606,0.5973598457572519,-0.3402169496662958
sc20610,11.732256649636756,-0.5484914736053067
sc20612,41.17161856046766,-0.6396286399923163
sc20614,131.2706198146516,-0.7273442350061549
sc20706,0.4922430163542143,-0.3184621137559667
sc20710,5.146983997288647,-0.4770696278578418
sc20712,22.06631036016601,-0.5851496130979686
sc20714,50.13474446016764,-0.63628882491807
sc21006,0.203772739832692,-0.2304404029073445
sc21010,2.0071537059921227,-0.400028453104998
sc2110,1.5779734436217938,-0.384224068449794
sd2030,0.7416747058870764,-0.3327630223911933
sd2083,1.1555330389788714,-0.3621332119611661
sd5060,0.7646635578696017,-0.3462150637450348
sd6060,4.374526225520663,-0.4946205862947997
sd6080,5.411419771573852,-0.4640427619493755
sd7003,0.2935624029068169,-0.2888005617589217
sd7032,3.754719226764184,-0.4332094344731442
sd7034,3.538026442213563,-0.4406807664917593
sd7037,1.242583252035384,-0.3652442541213568
sd7043,2.167522024908997,-0.3971120313613572
sd7062,2.3505059844236253,-0.4077190131585651
sd7080,0.6158930620689351,-0.3213479109923834
sd7084,0.6124476305842531,-0.3257360424464148
sd7090,0.623430616888994,-0.3377632908691879
sd8000,0.7567873575902104,-0.3528173501748459
sd8020,2.7642959301267345,-0.4662931648392248
sd8040,1.0358374456677863,-0.3586311161829374
sg6040,19.92011780620098,-0.5901774294940424
sg6041,1.1651317840418671,-0.3670977593119884
sg6042,8.169458416507021,-0.4890752792932626
sg6043,0.0411912879289469,0.0195208520261389
sg6050,5.321267008011046,-0.4777203262095691
sg6051,1.834976973972045,-0.394010627533637
sm701,9.342685705658996,-0.5071031592962928
sokolov,0.1376659504105695,-0.0699013752777582
sp4621hp,18.748665264466297,-0.5500358765512275
sp4721la,28.539419390732625,-0.5781447060187441
spicasm,206.6900157632527,-0.7067820463825774
ssca07,2.1381460057917114,-0.4525666054560996
ssca09,4.732030298114125,-0.5022692720199263
stcyr171,1.9772724386187877,-0.4077679260542708
stcyr172,0.2866429099549952,-0.2709848978067843
stcyr234,94.52124737896229,-0.6776228959289093
stcyr24,5155.384576793229,-0.907755352123059
ste87151,18.5711126309734,-0.5378501476142372
ste87391,14.353545931373716,-0.5160013994883826
stf86361,17.62881258205848,-0.5165328155536807
strand,11.89469702014248,-0.5097976299985517
supermarine371i,62.91579461593103,-0.6787205446152723
supermarine371ii,6.086894067081354,-0.5195034573257473
tempest1,71.38212325503129,-0.6975252780862659
tempest2,41.12060202592188,-0.6633816115786753
tempest3,20.959165507782647,-0.618692012053339
th25816,557.07345887331,-0.768996751490469
trainer60,2.1694966333868253,-0.402962931385379
tsagi,0.7070850183154999,-0.3130524307878503
tsagi12,7.74512090408019,-0.5300353714744598
tsagi8,2.5590840156537267,-0.4597859082486252
ua2,0.1888333603275296,-0.02471238854066
ua79sf18,260.88203326588246,-0.7214365198945089
ua79sfm,0.331414129663959,-0.1032174774179187
uag8814320,0.0003008958385089,0.4567346476187347
ui1720,13.570740074723366,-0.5235151699818982
ultimate,4.575356117488676,-0.4916594245488863
us1000root,1.1943636006669691,-0.3667923818178239
usa22,6.439359385710638,-0.4600400146990961
usa25,67.18279349176215,-0.6073706774294187
usa26,5.520554153585105,-0.4437329308872737
usa27,0.2436395385349811,-0.150097403411747
usa27m2,6.746071738722874,-0.4608541291244568
usa28,9.733985807599176,-0.5294380807210478
usa29,4.465333823200477,-0.4530923029367474
usa33,260.28748048946824,-0.7449787097125925
usa34,1582.505274607442,-0.8781230148675061
usa35,490530.2241872636,-1.2573890330271198
usa35a,484437.0796496143,-1.256417598015015
usa35b,12.114032534668516,-0.5275075339275953
usa40,5.388157709459293,-0.4681053788979489
usa40b,3.2833879812145,-0.4303352174071925
usa41,1.692290894965054,-0.3241738817336165
usa45,0.9528309190874024,-0.330284791411761
usa45m,1.9824277776960209,-0.3845270690928731
usa46,0.360486181175531,-0.2927064659579042
usa48,3.1362289439843525,-0.4457901271909391
usa49,0.0851387946375318,-0.1829351283940866
usa5,0.0341640359955148,0.0062058858517691
usa50,0.2334882339807221,-0.2642409684614547
usa51,0.5021377771214673,-0.296184954384056
usa98,26450.74584568705,-1.048795092642737
usnps4,0.1134947677320966,-0.0734013788431678
v13006,0.3671833100089646,-0.3190616445903476
v13009,0.3542468652807795,-0.3020726074758681
v23010,0.3823776418407411,-0.2802503036906525
v43012,4.243104600920042,-0.4416530990462217
v43015,1.0783226640081232,-0.3423927618916873
vr1,4.416333063648475,-0.4905100764947362
vr11x,2.0638970221862083,-0.392644834990598
vr12,1.4163613049505663,-0.3830916886775429
vr13,1.0019371140634763,-0.3628890316800949
vr14,0.8025005643531871,-0.354427654868563
vr15,3.7049391582626137,-0.4876305657648064
vr5,4.6783278191554,-0.4602574228496213
vr7,1.0748798885206508,-0.3498640122973033
vr7b,0.5726311856852002,-0.3078912659995803
vr8,0.7673099016744251,-0.3706029543598859
vr8b,0.4000490710374049,-0.3165777256413378
vr9,1.5347443628533155,-0.4371143683798216
waspsm,0.9630576631477032,-0.3541772263801307
wb13535sm,5.227391805539868,-0.477732929736229
wb140,7.313411625771875,-0.4970463173963659
whitcomb,10.459263238920652,-0.5197012868108316
ys900,0.7419873915293381,-0.3055295262910094
ys915,4.494352402204141,-0.4738170157914815
ys930,8.550834845799766,-0.5194324457447308
