,Wingspan,Chordlen,H.S. Span,H.S. Chordlen,Min Power,Prod. Power,Power Ratio,Cm-Cp Hor Stab Dist,Min Sink,Eff. Mass,Lift Ratio,Wing Reynolds,Hor Stab Reynolds
0,2.125,0.190726816094707,0.5,0.125,9.673196491085175,56.83125,5.875126185266238,0.3558373587190131,5.8420000000000005,2.0392527265286517,14.233494348760523,78427.96224574353,51400.71795593722
0,2.125,0.190726816094707,0.5,0.25,10.443605811914985,67.65625,6.478246232044855,0.15704553712975167,6.017,2.1512992956567403,6.281821485190067,80777.31065262563,105880.90377982685
0,2.125,0.190726816094707,0.625,0.125,9.710182438973659,59.537499999999994,6.131450194080283,0.3544056331319645,5.851000000000001,2.0447284166833057,14.176225325278578,78548.7858780975,51479.90427254172
0,2.125,0.190726816094707,0.625,0.25,10.581631113899077,73.06875,6.905244495248325,0.156788296123701,6.048,2.171187224889197,6.271531844948039,81193.48094184474,106426.40951643557
0,2.125,0.190726816094707,0.75,0.125,9.747203111427924,62.24375,6.385806193678625,0.3531514139416202,5.859000000000001,2.050171795621824,14.126056557664807,78656.1846624121,51550.292109523485
0,2.125,0.190726816094707,0.75,0.25,10.71034027102601,78.48124999999999,7.327614997658873,0.15607529397984718,6.088,2.191594179896022,6.2430117591938865,81730.47486341778,107130.28788625325
0,2.125,0.190726816094707,0.875,0.125,9.784271726729926,64.94999999999999,6.638204846923993,0.35176068088183365,5.868,2.0556473023760553,14.070427235273346,78777.00829476603,51629.47842612797
0,2.125,0.190726816094707,0.875,0.25,10.850269180519701,83.89375,7.7319510331246635,0.1558678377651903,6.12,2.211507598183159,6.2347135106076115,82160.07000067622,107693.39058210741
0,2.125,0.190726816094707,1.0,0.125,9.821381612071821,67.65625,6.888669300543339,0.350390922638818,5.877000000000001,2.061122721042322,14.01563690555272,78897.83192711996,51708.664742732464
0,2.125,0.190726816094707,1.0,0.25,10.990485991596627,89.30624999999999,8.125778065527214,0.15567281521332565,6.15,2.2313541496293587,6.226912608533026,82562.81544185602,108221.2993594707
0,2.125,0.190726816094707,1.125,0.125,9.85853276036382,70.3625,7.137218256543414,0.34904165233349604,5.886,2.066598058168434,13.961666093339842,79018.65555947389,51787.85105933695
0,2.125,0.190726816094707,1.125,0.25,11.131517279548918,94.71875,8.509060141695103,0.1554825737024818,6.181,2.251238416550338,6.219302948099272,82978.98573107511,108766.8050960794
0,2.125,0.381453632189414,0.5,0.125,12.482203663285933,148.84375,11.924476960570356,0.24104509892982376,7.15,2.563233986340391,9.64180395719295,191975.32696236434,62909.12930245654
0,2.125,0.381453632189414,0.5,0.25,13.332042196518715,159.66875,11.976315979684864,0.14405391511077467,7.323,2.6821500871823787,5.762156604430986,196620.32438397122,128862.53255437461
0,2.125,0.381453632189414,0.625,0.125,12.52118094025523,151.54999999999998,12.103490934530878,0.24067138548634942,7.158,2.56874335825941,9.626855419453976,192190.12453099358,62979.51713943831
0,2.125,0.381453632189414,0.625,0.25,13.47635321976644,165.08124999999998,12.24969747437809,0.14401953435705767,7.353000000000001,2.702155125453371,5.760781374282306,197425.81526633078,129390.4413317379
0,2.125,0.381453632189414,0.75,0.125,12.560373965073342,154.25625,12.28118290338653,0.24029877527668583,7.167000000000001,2.574277671224514,9.611951011067433,192431.77179570147,63058.7034560428
0,2.125,0.381453632189414,0.75,0.25,13.62100976348611,170.49374999999998,12.516968489152925,0.14398801647277115,7.382000000000001,2.7221217993385505,5.759520658910846,198204.45645261172,129900.75314985572
0,2.125,0.381453632189414,0.875,0.125,12.599435863879615,156.96249999999998,12.457899043717036,0.23992725599803202,7.175000000000001,2.579788777472293,9.59709023992128,192646.5693643307,63129.091293024576
0,2.125,0.381453632189414,0.875,0.25,13.766285915572817,175.90625,12.77804711298418,0.14395712977251124,7.412000000000001,2.7421345464209037,5.758285190900449,199009.9473349713,130428.661927219
0,2.125,0.381453632189414,1.0,0.125,12.638674739619084,159.66875,12.633345923483448,0.23951058589881244,7.184,2.5853415718949107,9.580423435952497,192888.21662903854,63208.27760962906
0,2.125,0.381453632189414,1.0,0.25,13.912210381400774,181.31875,13.033065561055986,0.14392887969997467,7.442,2.7621504765693268,5.757155187998987,199815.43821733087,130956.57070458225
0,2.125,0.381453632189414,1.125,0.125,12.67782130393087,162.375,12.807800023940565,0.23914134543059423,7.192,2.5908544698553655,9.565653817223769,193103.01419766777,63278.66544661083
0,2.125,0.381453632189414,1.125,0.25,14.058616585944282,186.73125,13.282334635023245,0.14390215839585177,7.472,2.782170452102339,5.756086335834071,200620.9290996904,131484.47948194554
0,2.125,0.5721804482841211,0.5,0.125,18.171778851728178,194.85,10.72267066366314,0.1813057929046511,8.796999999999999,3.4317126195077132,7.252231716186044,354295.16460585716,77400.22524107834
0,2.125,0.5721804482841211,0.5,0.25,18.99061867537989,205.67499999999998,10.830347526626099,0.14362659322111868,8.943,3.5383053007964653,5.745063728844747,360175.2480470821,157369.60653199127
0,2.125,0.5721804482841211,0.625,0.125,18.215193765551216,197.55624999999998,10.845684791650179,0.18110743444043115,8.805,3.437397726042129,7.2442973776172455,354617.360958801,77470.61307806011
0,2.125,0.5721804482841211,0.625,0.25,19.146360023647954,211.08749999999998,11.024941541853526,0.14362747758936797,8.971,3.5584397959861094,5.745099103574718,361302.93528238544,157862.32139086365
0,2.125,0.5721804482841211,0.75,0.125,18.2586434331379,200.2625,10.968093042254191,0.18090990630604076,8.812999999999999,3.443083387549916,7.236396252241629,354939.55731174484,77541.00091504188
0,2.125,0.5721804482841211,0.75,0.25,19.303132460376002,216.5,11.215796215687515,0.14362826713183405,9.0,3.57862931211004,5.745130685273362,362470.89706180687,158372.63320898148
0,2.125,0.5721804482841211,0.875,0.125,18.302399335011344,202.96875,11.089734536156332,0.18068867808482478,8.822,3.4488322094764468,7.22754712339299,355302.0282088066,77620.18723164637
0,2.125,0.5721804482841211,0.875,0.25,19.459913460432887,221.9125,11.403570753344118,0.14362898510909256,9.028,3.598772417319918,5.745159404363702,363598.5842971102,158865.3480678539
0,2.125,0.5721804482841211,1.0,0.125,18.34591884207242,205.67499999999998,11.210940251644882,0.18049291016906915,8.83,3.4545190369209253,7.219716406762766,355624.2245617505,77690.57506862814
0,2.125,0.5721804482841211,1.0,0.25,19.6170972554315,227.325,11.588105877237226,0.1436296234950331,9.056,3.6189194835116765,5.745184939801324,364726.2715324136,159358.06292672624
0,2.125,0.5721804482841211,1.125,0.125,18.389472937422045,208.38125,11.331550975338189,0.1802979685327207,8.838,3.4602064067688483,7.2119187413088275,355946.4209146943,77760.96290560991
0,2.125,0.5721804482841211,1.125,0.25,19.774447654971755,232.73749999999998,11.769608135754142,0.14363019246173026,9.084,3.6390699045778976,5.74520769846921,365853.95876771706,159850.77778559865
0,2.125,0.762907264378828,0.5,0.125,27.108339571392946,286.86249999999995,10.582075646666384,0.15561813580129238,10.0,4.596056476639024,6.224725432051695,536993.9215730472,87984.79622721193
0,2.125,0.762907264378828,0.5,0.25,27.884218826368414,297.6875,10.675841480575922,0.14013229569091867,10.0,4.678132218817724,5.605291827636747,536993.9215730472,175969.59245442387
0,2.125,0.762907264378828,0.625,0.125,27.156954142059007,289.56874999999997,10.66278451129885,0.15561813580129238,10.0,4.601242121546017,6.224725432051695,536993.9215730472,87984.79622721193
0,2.125,0.762907264378828,0.625,0.25,28.06332244467463,303.09999999999997,10.80057432962707,0.14013229569091867,10.0,4.696874798445692,5.605291827636747,536993.9215730472,175969.59245442387
0,2.125,0.762907264378828,0.75,0.125,27.205623532713375,292.275,10.743183285196688,0.15561813580129238,10.0,4.6064277664530096,6.224725432051695,536993.9215730472,87984.79622721193
0,2.125,0.762907264378828,0.75,0.25,28.243142193394732,308.5125,10.923448173275574,0.14013229569091867,10.0,4.71561737807366,5.605291827636747,536993.9215730472,175969.59245442387
0,2.125,0.762907264378828,0.875,0.125,27.25434774335604,294.98125,10.823273144443876,0.15561813580129238,10.0,4.611613411360001,6.224725432051695,536993.9215730472,87984.79622721193
0,2.125,0.762907264378828,0.875,0.25,28.42367807252874,313.92499999999995,11.044489006628806,0.14013229569091867,10.0,4.73435995770163,5.605291827636747,536993.9215730472,175969.59245442387
0,2.125,0.762907264378828,1.0,0.125,27.303126773987,297.6875,10.903055260455414,0.15561813580129238,10.0,4.616799056266993,6.224725432051695,536993.9215730472,87984.79622721193
0,2.125,0.762907264378828,1.0,0.25,28.604930082076628,319.3375,11.163722445177083,0.14013229569091867,10.0,4.753102537329599,5.605291827636747,536993.9215730472,175969.59245442387
0,2.125,0.762907264378828,1.125,0.125,27.351960624606274,300.39374999999995,10.982530799995404,0.15561813580129238,10.0,4.621984701173986,6.224725432051695,536993.9215730472,87984.79622721193
0,2.125,0.762907264378828,1.125,0.25,28.78689822203841,324.75,11.28117373032503,0.14013229569091867,10.0,4.771845116957567,5.605291827636747,536993.9215730472,175969.59245442387
0,2.25,0.190726816094707,0.5,0.125,9.747559552141142,59.537499999999994,6.107939087884006,0.3531514139416202,5.859000000000001,2.0502217624596586,14.126056557664807,78656.1846624121,51550.292109523485
0,2.25,0.190726816094707,0.5,0.25,10.520272301742786,70.3625,6.688277449657245,0.1569035291513314,6.034000000000001,2.1623482680307937,6.276141166053256,81005.53306929418,106180.05208699938
0,2.25,0.190726816094707,0.625,0.125,9.784628571249124,62.24375,6.361380970852105,0.35176068088183365,5.868,2.0556972692138893,14.070427235273346,78777.00829476603,51629.47842612797
0,2.25,0.190726816094707,0.625,0.25,10.648602770748818,75.77499999999999,7.115957053835283,0.15616587006063032,6.075,2.182796228523975,6.246634802425212,81555.95183890653,106901.52741606251
0,2.25,0.190726816094707,0.75,0.125,9.821841163275144,64.94999999999999,6.612813109099606,0.350390922638818,5.878,2.061187144171621,14.01563690555272,78911.25677515927,51717.46322235518
0,2.25,0.190726816094707,0.75,0.25,10.788036044312276,81.1875,7.525697881108219,0.15595608820417456,6.106000000000001,2.2026743641402358,6.238243528166982,81972.12212812566,107447.03315267124
0,2.25,0.190726816094707,0.875,0.125,9.858890408745745,67.65625,6.862460905335013,0.34904165233349604,5.886,2.066648025006268,13.961666093339842,79018.65555947389,51787.85105933695
0,2.25,0.190726816094707,0.875,0.25,10.928242907744856,86.6,7.92442122041655,0.15575889284406352,6.1370000000000005,2.222552999633567,6.23035571376254,82388.29241734477,107992.53888927994
0,2.25,0.190726816094707,1.0,0.125,9.896083215338791,70.3625,7.110136249757793,0.34771239539399446,5.8950000000000005,2.0721232873685413,13.908495815759778,79139.47919182782,51867.03737594144
0,2.25,0.190726816094707,1.0,0.25,11.0690225331995,92.01249999999999,8.312612945183316,0.15556654463486988,6.168,2.2424356380866644,6.222661785394795,82804.46270656388,108538.04462588865
0,2.25,0.190726816094707,1.125,0.125,9.9334151562012,73.06875,7.355853837880205,0.3465472607790367,5.904000000000001,2.0775809890152144,13.861890431161466,79260.30282418177,51946.22369254594
0,2.25,0.190726816094707,1.125,0.25,11.20991883922788,97.425,8.690963904133891,0.1553720347113615,6.198,2.2622912370052517,6.214881388454459,83207.20814774366,109065.95340325193
0,2.25,0.381453632189414,0.5,0.125,12.773965579642606,156.96249999999998,12.2876877208864,0.2382228335965061,7.212000000000001,2.6043814976596966,9.528913343860243,193640.0081192408,63454.63503906526
0,2.25,0.381453632189414,0.5,0.25,13.629918452130461,167.7875,12.31023506041399,0.14398590363306518,7.384,2.7233545930531022,5.759436145322607,198258.155844769,129935.94706834659
0,2.25,0.381453632189414,0.625,0.125,12.813435131307548,159.66875,12.46104173968738,0.23785723620380939,7.221,2.60992191859202,9.514289448152375,193881.65538394867,63533.821355669745
0,2.25,0.381453632189414,0.625,0.25,13.775390806700967,173.2,12.573146013087902,0.14395612963707094,7.414000000000001,2.743366799890311,5.758245185482838,199063.6467271286,130463.85584570987
0,2.25,0.381453632189414,0.75,0.125,12.852769568712729,162.375,12.633463871885372,0.23749265595004082,7.229,2.615438729724394,9.499706238001632,194096.45295257788,63604.20919265151
0,2.25,0.381453632189414,0.75,0.25,13.921178223572086,178.61249999999998,12.830271772367924,0.1439269883385925,7.444000000000001,2.7633837992917294,5.7570795335437,199869.13760948819,130991.76462307315
0,2.25,0.381453632189414,0.875,0.125,12.8923251236901,165.08124999999998,12.80461425043163,0.23712908280684833,7.238,2.620981074141533,9.485163312273933,194338.10021728577,63683.395509256006
0,2.25,0.381453632189414,0.875,0.25,14.067303791230824,184.02499999999998,13.081753456886043,0.14390037064752054,7.473000000000001,2.7833620850586374,5.756014825900821,200647.77879576906,131502.076441191
0,2.25,0.381453632189414,1.0,0.125,12.931704404588691,167.7875,12.974894472569463,0.23672125470223293,7.246,2.6265166243643803,9.468850188089316,194552.897785915,63753.783346237775
0,2.25,0.381453632189414,1.0,0.25,14.214216766950374,189.4375,13.327325951610865,0.14387522954662238,7.503,2.8033862149067548,5.755009181864895,201453.26967812862,132029.98521855424
0,2.25,0.381453632189414,1.125,0.125,12.971165494348387,170.49374999999998,13.144057877781693,0.23635978963245466,7.2540000000000004,2.6320361501830525,9.454391585298186,194767.6953545442,63824.17118321954
0,2.25,0.381453632189414,1.125,0.25,14.36129319454766,194.85,13.56771965869869,0.1438515178231584,7.532000000000001,2.823372120674104,5.754060712926335,202231.91086440958,132540.29703667207
0,2.25,0.5721804482841211,0.5,0.125,18.885076786592425,205.67499999999998,10.890874436159041,0.17813821228547042,8.929,3.5246586582505537,7.125528491418816,359611.4044294304,78561.62455127755
0,2.25,0.5721804482841211,0.5,0.25,19.698412890937497,216.5,10.990733172193966,0.14362993002813504,9.071,3.629339622312251,5.745197201125401,365330.3896941833,159622.0173154079
0,2.25,0.5721804482841211,0.625,0.125,18.929052816044575,208.38125,11.008540787808075,0.17795337403496367,8.937,3.5303524137130586,7.118134961398546,359933.60078237415,78632.0123882593
0,2.25,0.5721804482841211,0.625,0.25,19.85620574277337,221.9125,11.175977066049724,0.1436304310867511,9.099,3.649492781161328,5.745217243470044,366458.0769294867,160114.7321742803
0,2.25,0.5721804482841211,0.75,0.125,18.973062715967558,211.08749999999998,11.12564181967051,0.17776934146291407,8.945,3.536046659259834,7.110773658516562,360255.797135318,78702.40022524109
0,2.25,0.5721804482841211,0.75,0.25,20.014398839972916,227.325,11.358072846334245,0.14363083322794276,9.126999999999999,3.6696499135295135,5.745233329117711,367585.76416479005,160607.44703315265
0,2.25,0.5721804482841211,0.875,0.125,19.017106433554225,213.79375,11.242180862109354,0.1775861128308397,8.953,3.541741391090844,7.103444513233588,360577.9934882618,78772.78806222284
0,2.25,0.5721804482841211,0.875,0.25,20.17299119025802,232.73749999999998,11.53708430271828,0.14363112922125051,9.155,3.6898110242180158,5.745245168850021,368713.4514000935,161100.16189202506
0,2.25,0.5721804482841211,1.0,0.125,19.06118391616001,216.5,11.358161221898289,0.17740368637451,8.961,3.5474366054232953,7.0961474549804,360900.1898412057,78843.17589920462
0,2.25,0.5721804482841211,1.0,0.25,20.331981818170245,238.14999999999998,11.713073626062883,0.14363131205020957,9.183,3.7099761179492154,5.745252482008382,369841.1386353969,161592.87675089744
0,2.25,0.5721804482841211,1.125,0.125,19.105295111305665,219.20624999999998,11.473586182413035,0.17722206030430507,8.969,3.5531322984919442,7.088882412172202,361222.38619414944,78913.56373618638
0,2.25,0.5721804482841211,1.125,0.25,20.491196698605272,243.56249999999997,11.88620184474526,0.1436313748037382,9.209999999999999,3.7300941841581983,5.745254992149527,370928.55132658227,162067.99465052437
0,2.25,0.762907264378828,0.5,0.125,28.521521873871656,303.09999999999997,10.627062656066313,0.15561813580129238,10.0,4.744486808723031,6.224725432051695,536993.9215730472,87984.79622721193
0,2.25,0.762907264378828,0.5,0.25,29.322236512136122,313.92499999999995,10.706038738554959,0.14013229569091867,10.0,4.82656255090173,5.605291827636747,536993.9215730472,175969.59245442387
0,2.25,0.762907264378828,0.625,0.125,28.571705574166607,305.80625,10.703114982274553,0.15561813580129238,10.0,4.749672453630024,6.224725432051695,536993.9215730472,87984.79622721193
0,2.25,0.762907264378828,0.625,0.25,29.507011466899726,319.3375,10.822427759525064,0.14013229569091867,10.0,4.845305130529699,5.605291827636747,536993.9215730472,175969.59245442387
0,2.25,0.762907264378828,0.75,0.125,28.62194409444986,308.5125,10.778879973419565,0.15561813580129238,10.0,4.7548580985370155,6.224725432051695,536993.9215730472,87984.79622721193
0,2.25,0.762907264378828,0.75,0.25,29.692502552077215,324.75,10.937104389582052,0.14013229569091867,10.0,4.864047710157667,5.605291827636747,536993.9215730472,175969.59245442387
0,2.25,0.762907264378828,0.875,0.125,28.672237434721417,311.21875,10.854358705300106,0.15561813580129238,10.0,4.760043743444008,6.224725432051695,536993.9215730472,87984.79622721193
0,2.25,0.762907264378828,0.875,0.25,29.87870976766861,330.16249999999997,11.050092275311862,0.14013229569091867,10.0,4.882790289785636,5.605291827636747,536993.9215730472,175969.59245442387
0,2.25,0.762907264378828,1.0,0.125,28.72258559498126,313.92499999999995,10.929552249462267,0.15561813580129238,10.0,4.765229388350999,6.224725432051695,536993.9215730472,87984.79622721193
0,2.25,0.762907264378828,1.0,0.25,30.065633113673886,335.575,11.161414719964107,0.14013229569091867,10.0,4.901532869413605,5.605291827636747,536993.9215730472,175969.59245442387
0,2.25,0.762907264378828,1.125,0.125,28.772988575229427,316.63124999999997,11.004461673216205,0.15561813580129238,10.0,4.770415033257992,6.224725432051695,536993.9215730472,87984.79622721193
0,2.25,0.762907264378828,1.125,0.25,30.25327259009306,340.98749999999995,11.271094688501964,0.14013229569091867,10.0,4.920275449041574,5.605291827636747,536993.9215730472,175969.59245442387
0,2.375,0.190726816094707,0.5,0.125,9.822198360735511,62.24375,6.337048765867016,0.350390922638818,5.878,2.0612371110094556,14.01563690555272,78911.25677515927,51717.46322235518
0,2.375,0.190726816094707,0.5,0.25,10.597150253569053,73.06875,6.895132016778842,0.15675565300293848,6.0520000000000005,2.173435169211138,6.270226120117538,81247.18033400204,106496.79735341734
0,2.375,0.190726816094707,0.625,0.125,9.85935097048441,64.94999999999999,6.587654724376737,0.34904165233349604,5.8870000000000005,2.066712524471956,13.96166609333984,79032.08040751322,51796.649538959675
0,2.375,0.190726816094707,0.625,0.25,10.726116410997713,78.48124999999999,7.316837426781189,0.15605280767391813,6.0920000000000005,2.193838515584709,6.242112306956725,81784.17425557508,107200.67572323504
0,2.375,0.190726816094707,0.75,0.125,9.896544843771448,67.65625,6.83635057164224,0.34771239539399446,5.896000000000001,2.0721878629121417,13.908495815759778,79152.90403986715,51875.83585556417
0,2.375,0.190726816094707,0.75,0.25,10.865868112992386,83.89375,7.720851120923115,0.1558459278671714,6.123,2.2137187742405238,6.233837114686856,82200.34454479419,107746.18145984375
0,2.375,0.190726816094707,0.875,0.125,9.933773609095471,70.3625,7.0831592070485,0.3465472607790367,5.904000000000001,2.077630955853049,13.861890431161466,79260.30282418177,51946.22369254594
0,2.375,0.190726816094707,0.875,0.25,11.006393118676113,89.30624999999999,8.114034183320362,0.15565144386355906,6.154000000000001,2.2335995874410357,6.226057754542362,82616.51483401332,108291.68719645248
0,2.375,0.190726816094707,1.0,0.125,9.971050005741992,73.06875,7.328089815808983,0.34525455413089867,5.913,2.083106171847338,13.810182165235945,79381.12645653568,52025.41000915042
0,2.375,0.190726816094707,1.0,0.25,11.147489759372947,94.71875,8.49686808820428,0.1554617245338403,6.1850000000000005,2.2534844114614554,6.218468981353611,83032.68512323243,108837.19293306117
0,2.375,0.190726816094707,1.125,0.125,10.008367650975114,75.77499999999999,7.571164713620132,0.34398055597005645,5.922000000000001,2.0885813335978813,13.759222238802257,79501.95008888964,52104.596325754916
0,2.375,0.190726816094707,1.125,0.25,11.288699820194326,100.13125,8.87004275026212,0.15526985677123006,6.215000000000001,2.2733420510151823,6.210794270849202,83435.4305644122,109365.10171042445
0,2.375,0.381453632189414,0.5,0.125,13.068263886831136,165.08124999999998,12.632225017001074,0.23546038426488347,7.275,2.6456048315491167,9.418415370595339,195331.5389721959,64008.93925529669
0,2.375,0.381453632189414,0.5,0.25,13.93031636231251,175.90625,12.627584717020639,0.14392604537927575,7.446000000000001,2.7646163809414057,5.757041815171029,199922.83700164547,131026.95854156403
0,2.375,0.381453632189414,0.625,0.125,13.10787058615154,167.7875,12.800515453461024,0.23510230215136954,7.283,2.6511275013479865,9.404092086054781,195546.3365408251,64079.32709227846
0,2.375,0.381453632189414,0.625,0.25,14.07647280688757,181.31875,12.880978955984013,0.14389947940774298,7.4750000000000005,2.784594963228705,5.755979176309719,200701.4781879264,131537.27035968186
0,2.375,0.381453632189414,0.75,0.125,13.14770260710913,170.49374999999998,12.967569703608282,0.23474516750322577,7.292000000000001,2.6566761599661417,9.38980670012903,195787.98380553303,64158.51340888295
0,2.375,0.381453632189414,0.75,0.25,14.223416889237097,186.73125,13.128438226492545,0.14387438837295635,7.505000000000001,2.8046194012161765,5.754975534918254,201506.96907028594,132065.17913704514
0,2.375,0.381453632189414,0.875,0.125,13.187393733512216,173.2,13.133755122504514,0.23438897229410816,7.300000000000001,2.66220067205598,9.375558891764326,196002.7813741622,64228.90124586472
0,2.375,0.381453632189414,0.875,0.25,14.37052399397972,192.14374999999998,13.37068502724711,0.1438507251144783,7.534000000000001,2.8246056039086143,5.754029004579132,202285.61025656687,132575.49095516297
0,2.375,0.381453632189414,1.0,0.125,13.227087801046633,175.90625,13.298940223718851,0.2339893659262985,7.308000000000001,2.6677433694811215,9.359574637051939,196217.57894279147,64299.289082846495
0,2.375,0.381453632189414,1.0,0.25,14.518102737105595,197.55624999999998,13.607580382737106,0.14382844396152306,7.563000000000001,2.844595554682451,5.753137758460922,203064.2514428478,133085.8027732808
0,2.375,0.381453632189414,1.125,0.125,13.267048268668466,178.61249999999998,13.46286652335563,0.23363514148308054,7.317,2.673295023933847,9.345405659323221,196459.2262074993,64378.47539945098
0,2.375,0.381453632189414,1.125,0.25,14.66647041442406,202.96875,13.838963585975394,0.14380750068190326,7.593000000000001,2.8646319134156695,5.75230002727613,203869.7423252074,133613.71155064408
0,2.375,0.5721804482841211,0.5,0.125,19.60719346924123,216.5,11.041865850899784,0.17523334766914123,9.06,3.6176520797219545,7.009333906765649,364887.36970888556,79714.22538185402
0,2.375,0.5721804482841211,0.5,0.25,20.414057287040347,227.325,11.135708928587896,0.14363135889280207,9.197,3.7203549742783055,5.745254355712082,370404.98225304857,161839.23418033362
0,2.375,0.5721804482841211,0.625,0.125,19.651760982223678,219.20624999999998,11.154534710568004,0.1750828264275116,9.068,3.623330682065231,7.003313057100463,365209.56606182933,79784.61321883579
0,2.375,0.5721804482841211,0.625,0.25,20.57364930109784,232.73749999999998,11.3124072736858,0.14363135927630474,9.225,3.7405260512588523,5.74525437105219,371532.669488352,162331.94903920603
0,2.375,0.5721804482841211,0.75,0.125,19.696317324474816,221.9125,11.2667000812507,0.17491152836643248,9.076,3.629032472120031,6.996461134657299,365531.7624147732,79855.00105581756
0,2.375,0.5721804482841211,0.75,0.25,20.73387979738575,238.14999999999998,11.486031670253405,0.14363123678967485,9.253,3.760701799106405,5.745249471586994,372660.35672365536,162824.6638980784
0,2.375,0.5721804482841211,0.875,0.125,19.740573320752045,224.61874999999998,11.378532241709118,0.17474100291332964,9.083,3.6346927846428727,6.989640116533185,365813.6842235991,79916.5904131766
0,2.375,0.5721804482841211,0.875,0.25,20.893844407413532,243.56249999999997,11.657141464764587,0.1436309762403399,9.28,3.78082882106064,5.7452390496135965,373747.7694148408,163299.78179770533
0,2.375,0.5721804482841211,1.0,0.125,19.78519472045094,227.325,11.48965189435441,0.1745712479397321,9.091,3.640395349385066,6.9828499175892835,366135.88057654287,79986.97825015837
0,2.375,0.5721804482841211,1.0,0.25,21.054620126172093,248.975,11.825195539410842,0.14363057369710247,9.308,3.8010117518244346,5.745222947884098,374875.45665014425,163792.49665657774
0,2.375,0.5721804482841211,1.125,0.125,19.829849005677985,230.03124999999997,11.600252222502244,0.17440226129776668,9.099,3.6460983347570433,6.976090451910666,366458.0769294867,80057.36608714015
0,2.375,0.5721804482841211,1.125,0.25,21.2160352110745,254.3875,11.990341148529625,0.14363004550801692,9.336,3.821199395646429,5.745201820320676,376003.14388544764,164285.21151545015
0,2.375,0.762907264378828,0.5,0.125,29.979617863283483,319.3375,10.651820228539261,0.15561813580129238,10.0,4.892917140807035,6.224725432051695,536993.9215730472,87984.79622721193
0,2.375,0.762907264378828,0.5,0.25,30.805167884836973,330.16249999999997,10.717763371207392,0.14013229569091867,10.0,4.974992882985735,5.605291827636747,536993.9215730472,175969.59245442387
0,2.375,0.762907264378828,0.625,0.125,30.03137069320733,322.04375,10.723578130679254,0.15561813580129238,10.0,4.898102785714028,6.224725432051695,536993.9215730472,87984.79622721193
0,2.375,0.762907264378828,0.625,0.25,30.99561417605795,335.575,10.826531718129637,0.14013229569091867,10.0,4.993735462613703,5.605291827636747,536993.9215730472,175969.59245442387
0,2.375,0.762907264378828,0.75,0.125,30.083178343119478,324.75,10.795069466929371,0.15561813580129238,10.0,4.9032884306210205,6.224725432051695,536993.9215730472,87984.79622721193
0,2.375,0.762907264378828,0.75,0.25,31.186776597692834,340.98749999999995,10.933720544406178,0.14013229569091867,10.0,5.012478042241671,5.605291827636747,536993.9215730472,175969.59245442387
0,2.375,0.762907264378828,0.875,0.125,30.135040813019923,327.45624999999995,10.86629522195708,0.15561813580129238,10.0,4.908474075528012,6.224725432051695,536993.9215730472,87984.79622721193
0,2.375,0.762907264378828,0.875,0.25,31.378655149741626,346.4,11.039351379048897,0.14013229569091867,10.0,5.031220621869641,5.605291827636747,536993.9215730472,175969.59245442387
0,2.375,0.762907264378828,1.0,0.125,30.18695810290867,330.16249999999997,10.937256376560416,0.15561813580129238,10.0,4.913659720435004,6.224725432051695,536993.9215730472,87984.79622721193
0,2.375,0.762907264378828,1.0,0.25,31.57124983220428,351.8125,11.143445440703882,0.14013229569091867,10.0,5.04996320149761,5.605291827636747,536993.9215730472,175969.59245442387
0,2.375,0.762907264378828,1.125,0.125,30.238930212785725,332.86875,11.00795390768339,0.15561813580129238,10.0,4.918845365341997,6.224725432051695,536993.9215730472,87984.79622721193
0,2.375,0.762907264378828,1.125,0.25,31.764560645080838,357.22499999999997,11.246023642241719,0.14013229569091867,10.0,5.068705781125578,5.605291827636747,536993.9215730472,175969.59245442387
0,2.5,0.190726816094707,0.5,0.125,9.896902851285526,64.94999999999999,6.562659144579106,0.34771239539399446,5.896000000000001,2.072237829749976,13.908495815759778,79152.90403986715,51875.83585556417
0,2.5,0.190726816094707,0.5,0.25,10.664110370196907,75.77499999999999,7.10560912908114,0.15614313097431864,6.078,2.1850068992724205,6.245725238972745,81596.2263830245,106954.31829379885
0,2.5,0.190726816094707,0.625,0.125,9.934132070610602,67.65625,6.810484249565801,0.3465472607790367,5.904000000000001,2.077680922690883,13.861890431161466,79260.30282418177,51946.22369254594
0,2.5,0.190726816094707,0.625,0.25,10.803606935717081,81.1875,7.5148513346585615,0.15593393354557755,6.109000000000001,2.2048853782222557,6.237357341823102,82012.39667224363,107499.82403040756
0,2.5,0.190726816094707,0.75,0.125,9.971408864864115,70.3625,7.056425120419417,0.34525455413089867,5.913,2.0831561386851725,13.810182165235945,79381.12645653568,52025.41000915042
0,2.5,0.190726816094707,0.75,0.25,10.943876947160446,86.6,7.913100669728352,0.1557372841943861,6.140000000000001,2.2247643687670493,6.229491367775443,82428.56696146274,108045.32976701627
0,2.5,0.190726816094707,0.875,0.125,10.00872690648636,73.06875,7.300503918499993,0.34398055597005645,5.922000000000001,2.0886313004357153,13.759222238802257,79501.95008888964,52104.596325754916
0,2.5,0.190726816094707,0.875,0.25,11.084719451171223,92.01249999999999,8.300841568911142,0.15554546536985892,6.171,2.2446473641297735,6.221818614794356,82844.73725068185,108590.83550362498
0,2.5,0.190726816094707,1.0,0.125,10.046086199433127,75.77499999999999,7.542738385449626,0.34272483648889246,5.931,2.0941064155172544,13.708993459555698,79622.77372124357,52183.7826423594
0,2.5,0.190726816094707,1.0,0.25,11.225927175888206,97.425,8.678570462247066,0.1553514874902429,6.202000000000001,2.264537528153763,6.214059499609716,83260.90753990097,109136.3412402337
0,2.5,0.190726816094707,1.125,0.125,10.083587301395683,78.48124999999999,7.783068431324762,0.3416236474588079,5.94,2.0995643055876587,13.664945898352315,79743.5973535975,52262.968958963895
0,2.5,0.190726816094707,1.125,0.25,11.367655674021837,102.83749999999999,9.046500259064976,0.15516906010295775,6.232,2.2843940634162787,6.20676240411831,83663.65298108076,109664.25001759696
0,2.5,0.381453632189414,0.5,0.125,13.364737723626035,173.2,12.95947616643602,0.23275357212581446,7.337000000000001,2.6868560600887585,9.310142885032578,196996.22012907235,64554.4449919054
0,2.5,0.381453632189414,0.5,0.25,14.232134472582544,184.02499999999998,12.930246011553251,0.14387271111641775,7.506,2.805811138066498,5.75490844465671,201533.8187663646,132082.77609629056
0,2.5,0.381453632189414,0.625,0.125,13.404658321645105,175.90625,13.122770142970095,0.23240252303059983,7.345000000000001,2.6923856342167314,9.296100921223992,197211.01769770158,64624.83282888718
0,2.5,0.381453632189414,0.625,0.25,14.379583202548792,189.4375,13.174060564316083,0.14384914462507156,7.5360000000000005,2.825839747301524,5.753965785002863,202339.30964872416,132610.68487365384
0,2.5,0.381453632189414,0.75,0.125,13.444809114615673,178.61249999999998,13.284866930972841,0.23205236616494596,7.354,2.6979417236678924,9.282094646597837,197452.6649624094,64704.019145491664
0,2.5,0.381453632189414,0.75,0.25,14.527190859792602,194.85,13.41277896604862,0.14382695714313926,7.565,2.845829957098215,5.75307828572557,203117.9508350051,133120.99669177167
0,2.5,0.381453632189414,0.875,0.125,13.48409446399658,181.31875,13.446861447324697,0.2300128946677758,7.3660000000000005,2.7042644158101656,9.200515786711032,197774.86131535328,64809.60090096432
0,2.5,0.381453632189414,0.875,0.25,14.675268259673722,200.2625,13.646258211872201,0.1438061045358145,7.594,2.8658239303813104,5.752244181432579,203896.59202128602,133631.3085098895
0,2.5,0.381453632189414,1.0,0.125,13.52433864533633,184.02499999999998,13.606950019952237,0.2296687132326769,7.375000000000001,2.7098248972138546,9.186748529307076,198016.50858006114,64888.78721756881
0,2.5,0.381453632189414,1.0,0.25,14.824313822727643,205.67499999999998,13.874166619750918,0.1437871974993283,7.6240000000000006,2.8858639786618765,5.751487899973132,204702.08290364558,134159.21728725277
0,2.5,0.381453632189414,1.125,0.125,13.564397286613074,186.73125,13.766276971575296,0.2292825230288242,7.383000000000001,2.715378210106465,9.171300921152968,198231.30614869038,64959.175054550586
0,2.5,0.381453632189414,1.125,0.25,14.97332929405216,211.08749999999998,14.097566136066348,0.1437688452812993,7.6530000000000005,2.9058657236926324,5.750753811251972,205480.7240899265,134669.5291053706
0,2.5,0.5721804482841211,0.5,0.125,20.337554868061506,227.325,11.177597379564817,0.17257345243667768,9.189,3.7106322313077316,6.902938097467107,370082.78590010473,80849.22925318505
0,2.5,0.5721804482841211,0.5,0.25,21.137612664933986,238.14999999999998,11.26664603874951,0.14363031731931514,9.322,3.8113995341245026,5.745212692772605,375439.3002677959,164038.85408601392
0,2.5,0.5721804482841211,0.625,0.125,20.382610536892678,230.03124999999997,11.285661843150155,0.17241360416103543,9.197,3.7163401271580216,6.896544166441417,370404.98225304857,80919.61709016681
0,2.5,0.5721804482841211,0.625,0.25,21.2992302182254,243.56249999999997,11.435272425554025,0.14362971577621358,9.35,3.831589188039691,5.745188631048543,376566.98750309926,164531.56894488633
0,2.5,0.5721804482841211,0.75,0.125,20.42735244653034,232.73749999999998,11.393424606013067,0.17225449439934468,9.203999999999999,3.7220053379000144,6.890179775973786,370686.90406187443,80981.20644752585
0,2.5,0.5721804482841211,0.75,0.25,21.460566687339757,248.975,11.601510977195115,0.1436289384241227,9.376999999999999,3.8517295668603246,5.745157536964908,377654.4001942847,165006.68684451326
0,2.5,0.5721804482841211,0.875,0.125,20.472523611514873,235.44375,11.500475196305231,0.1721158772972123,9.212,3.7276916523127976,6.884635091888492,371009.10041481827,81051.59428450764
0,2.5,0.5721804482841211,0.875,0.25,21.622968058419968,254.3875,11.764689256012737,0.14362803573236582,9.405,3.8719271271821496,5.745121429294633,378782.08742958814,165499.40170338564
0,2.5,0.5721804482841211,1.0,0.125,20.51767541905978,238.14999999999998,11.607065378311416,0.17195814581575475,9.219999999999999,3.7334006248574654,6.878325832630189,371331.2967677621,81121.9821214894
0,2.5,0.5721804482841211,1.0,0.25,21.785330117501818,259.79999999999995,11.925456194546383,0.14362697791590628,9.432,3.892075839101777,5.745079116636251,379869.5001207736,165974.51960301262
0,2.5,0.5721804482841211,1.125,0.125,20.562859338941756,240.85625,11.713169167279602,0.1718011459603752,9.228,3.7391099659081632,6.8720458384150085,371653.49312070594,81192.36995847117
0,2.5,0.5721804482841211,1.125,0.25,21.948079185491927,265.2125,12.083631453968426,0.14362576038024025,9.459,3.9122282942050353,5.74503041520961,380956.912811959,166449.63750263955
0,2.5,0.762907264378828,0.5,0.125,31.48262753962849,335.575,10.659053142168576,0.15561813580129238,10.0,5.041347472891041,6.224725432051695,536993.9215730472,87984.79622721193
0,2.5,0.762907264378828,0.5,0.25,32.333012944470966,346.4,10.713508221300339,0.14013229569091867,10.0,5.12342321506974,5.605291827636747,536993.9215730472,175969.59245442387
0,2.5,0.762907264378828,0.625,0.125,31.53594949918122,338.28125,10.726845247160956,0.15561813580129238,10.0,5.046533117798033,6.224725432051695,536993.9215730472,87984.79622721193
0,2.5,0.762907264378828,0.625,0.25,32.52913057214934,351.8125,10.815305967667436,0.14013229569091867,10.0,5.142165794697709,5.605291827636747,536993.9215730472,175969.59245442387
0,2.5,0.762907264378828,0.75,0.125,31.589326278722258,340.98749999999995,10.794389756570409,0.15561813580129238,10.0,5.0517187627050255,6.224725432051695,536993.9215730472,87984.79622721193
0,2.5,0.762907264378828,0.75,0.25,32.72596433024162,357.22499999999997,10.915644727690827,0.14013229569091867,10.0,5.160908374325677,5.605291827636747,536993.9215730472,175969.59245442387
0,2.5,0.762907264378828,0.875,0.125,31.6427578782516,343.69374999999997,10.861687572315695,0.15561813580129238,10.0,5.056904407612018,6.224725432051695,536993.9215730472,87984.79622721193
0,2.5,0.762907264378828,0.875,0.25,32.923514218747776,362.6375,11.014544121584134,0.14013229569091867,10.0,5.179650953953646,5.605291827636747,536993.9215730472,175969.59245442387
0,2.5,0.762907264378828,1.0,0.125,31.696244297769233,346.4,10.9287395927971,0.15561813580129238,10.0,5.062090052519009,6.224725432051695,536993.9215730472,87984.79622721193
0,2.5,0.762907264378828,1.0,0.25,33.12178023766784,368.04999999999995,11.11202348904646,0.14013229569091867,10.0,5.198393533581615,5.605291827636747,536993.9215730472,175969.59245442387
0,2.5,0.762907264378828,1.125,0.125,31.749785537275173,349.10625,10.995546712910519,0.15561813580129238,10.0,5.067275697426002,6.224725432051695,536993.9215730472,87984.79622721193
0,2.5,0.762907264378828,1.125,0.25,33.32076238700179,373.4625,11.208101893421418,0.14013229569091867,10.0,5.217136113209584,5.605291827636747,536993.9215730472,175969.59245442387
0,2.625,0.190726816094707,0.5,0.125,9.971767732593976,67.65625,6.78477997224675,0.34525455413089867,5.913,2.0832061055230064,13.810182165235945,79381.12645653568,52025.41000915042
0,2.625,0.190726816094707,0.5,0.25,10.741659341799274,78.48124999999999,7.3062501334969765,0.15603038401828548,6.095000000000001,2.1960493778041004,6.2412153607314185,81824.44879969307,107253.46660097137
0,2.625,0.190726816094707,0.625,0.125,10.009086170592274,70.3625,7.029862546965803,0.34398055597005645,5.922000000000001,2.08868126727355,13.759222238802257,79501.95008888964,52104.596325754916
0,2.625,0.190726816094707,0.625,0.25,10.88171744987216,83.89375,7.709605619376342,0.15582407863408843,6.127000000000001,2.215963731881494,6.232963145363537,82254.04393695151,107816.56929682552
0,2.625,0.190726816094707,0.75,0.125,10.046445858704098,73.06875,7.273094488106385,0.34272483648889246,5.931,2.0941563823550884,13.708993459555698,79622.77372124357,52183.7826423594
0,2.625,0.190726816094707,0.75,0.25,11.022062179217421,89.30624999999999,8.102499200956316,0.15563013133169548,6.157,2.2358111502443516,6.225205253267819,82656.78937813127,108344.47807418878
0,2.625,0.190726816094707,0.875,0.125,10.083947351680408,75.77499999999999,7.5144184471939655,0.3416236474588079,5.94,2.0996142724254927,13.664945898352315,79743.5973535975,52262.968958963895
0,2.625,0.190726816094707,0.875,0.25,11.163016973205318,94.71875,8.485049357835269,0.15543401432894996,6.188000000000001,2.2556995170386984,6.217360573157998,83072.9596673504,108889.98381079751
0,2.625,0.190726816094707,1.0,0.125,10.121390217323064,78.48124999999999,7.753999037175443,0.34040131951643543,5.949000000000001,2.1050893953199017,13.616052780657416,79864.42098595145,52342.15527556839
0,2.625,0.190726816094707,1.0,0.25,11.304744197899465,100.13125,8.85745384832373,0.1552495876864276,6.219,2.2755886470225035,6.209983507457103,83489.12995656951,109435.48954740622
0,2.625,0.190726816094707,1.125,0.125,10.158874349844616,81.1875,7.99178109740493,0.3391960880128313,5.958,2.1105644941813964,13.567843520513252,79985.24461830537,52421.341592172874
0,2.625,0.190726816094707,1.125,0.25,11.446786068855644,105.54374999999999,9.22038285376564,0.15506962145192318,6.2490000000000006,2.295447276712559,6.202784858076927,83891.87539774929,109963.39832476949
0,2.625,0.381453632189414,0.5,0.125,13.662874593500703,181.31875,13.270907872216844,0.22842813396481787,7.4030000000000005,2.7289622829153584,9.137125358592714,198768.30007026342,65135.144647005
0,2.625,0.381453632189414,0.5,0.25,14.536280785490217,192.14374999999998,13.218219490627444,0.14382547667319623,7.567,2.8470643774141338,5.753019066927849,203171.65022716238,133156.19061026257
0,2.625,0.381453632189414,0.625,0.125,13.703309408616242,184.02499999999998,13.429237749261533,0.22808783858237486,7.412000000000001,2.734527371160019,9.123513543294994,199009.9473349713,65214.3309636095
0,2.625,0.381453632189414,0.625,0.25,14.684564072643838,197.55624999999998,13.453327522880397,0.1438054087680586,7.596,2.86705805023087,5.752216350722344,203950.2914134433,133666.5024283804
0,2.625,0.381453632189414,0.75,0.125,13.743592676754561,186.73125,13.586785812986934,0.22774837147153898,7.420000000000001,2.7400672093168437,9.109934858861559,199224.7449036005,65284.71880059127
0,2.625,0.381453632189414,0.75,0.25,14.83313983168973,202.96875,13.683465018402556,0.14378589209664347,7.625000000000001,2.887056098693784,5.751435683865738,204728.93259972424,134176.81424649822
0,2.625,0.381453632189414,0.875,0.125,13.78391784459204,189.4375,13.743371234204186,0.22740972876857612,7.428000000000001,2.7456079846584567,9.096389150743045,199439.54247222975,65355.10663757304
0,2.625,0.381453632189414,0.875,0.25,14.982181752398008,208.38125,13.90860513133523,0.14376762473700994,7.654000000000001,2.9070579388857154,5.750704989480397,205507.57378600514,134687.12606461605
0,2.625,0.381453632189414,1.0,0.125,13.824248565660938,192.14374999999998,13.899037556173571,0.2270297365588117,7.436000000000001,2.7511678113183367,9.081189462352468,199654.34004085895,65425.494474554805
0,2.625,0.381453632189414,1.0,0.25,15.131870217380893,213.79375,14.12870629530185,0.14375113512493043,7.683000000000001,2.927063129880549,5.750045404997217,206286.21497228608,135197.43788273388
0,2.625,0.381453632189414,1.125,0.125,13.864854276486325,194.85,14.053519504380937,0.22669283366087095,7.445,2.756737047044377,9.067713346434838,199895.9873055668,65504.68079115929
0,2.625,0.381453632189414,1.125,0.25,15.282024834414585,219.20624999999998,14.344057961897509,0.14373573782497315,7.712000000000001,2.9470722070464994,5.749429512998926,207064.856158567,135707.7497008517
0,2.625,0.5721804482841211,0.5,0.125,21.07585353170052,238.14999999999998,11.299660990801385,0.17012173341951553,9.315999999999999,3.8036022863796948,6.804869336780621,375197.653003088,81966.63616527064
0,2.625,0.5721804482841211,0.5,0.25,21.86923003710662,248.975,11.384717229529874,0.14362636682297766,9.446,3.90247252234529,5.745054672919107,380433.3437384253,166220.8770324488
0,2.625,0.5721804482841211,0.625,0.125,21.121428220891353,240.85625,11.403407358682657,0.16997332072067872,9.324,3.80931581808712,6.798932828827148,375519.8493560319,82037.02400225241
0,2.625,0.5721804482841211,0.625,0.25,22.032178400543867,254.3875,11.546180108714099,0.14362506471046033,9.472999999999999,3.9226269197561865,5.745002588418413,381520.7564296106,166695.99493207573
0,2.625,0.5721804482841211,0.75,0.125,21.167034432916115,243.56249999999997,11.506689837535506,0.1698256072533625,9.331999999999999,3.8150296804742343,6.793024290134499,375842.04570897564,82107.41183923418
0,2.625,0.5721804482841211,0.75,0.25,22.195695959058856,259.79999999999995,11.704972012556619,0.14362353854464163,9.501,3.9428375661215602,5.744941541785665,382648.44366491406,167188.7097909481
0,2.625,0.5721804482841211,0.875,0.125,21.212731507808602,246.26874999999998,11.609478482737886,0.1696969295428138,9.34,3.8207221202544757,6.787877181712551,376164.24206191953,82177.79967621595
0,2.625,0.5721804482841211,0.875,0.25,22.359415595571008,265.2125,11.86133415993814,0.14362189298441833,9.528,3.9629996030942634,5.744875719376733,383735.85635609954,167663.82769057507
0,2.625,0.5721804482841211,1.0,0.125,21.25804001667315,248.975,11.712039294531547,0.16955052021851524,9.347,3.8263922598374966,6.78202080874061,376446.1638707454,82239.38903357499
0,2.625,0.5721804482841211,1.0,0.25,22.52351910593424,270.625,12.015218346972201,0.14362007255751838,9.555,3.9831653955882524,5.7448029023007345,384823.2690472849,168138.945590202
0,2.625,0.5721804482841211,1.125,0.125,21.303740067476323,251.68124999999998,11.813946715592582,0.16940480273286626,9.355,3.8321070577672276,6.77619210931465,376768.36022368923,82309.77687055677
0,2.625,0.5721804482841211,1.125,0.25,22.688005618598364,276.03749999999997,12.166670999663355,0.1436180733275551,9.581999999999999,4.003334946949184,5.744722933102204,385910.68173847033,168614.06348982896
0,2.625,0.762907264378828,0.5,0.125,33.03055090290663,351.8125,10.651124198144727,0.15561813580129238,10.0,5.189777804975046,6.224725432051695,536993.9215730472,87984.79622721193
0,2.625,0.762907264378828,0.5,0.25,33.90577169103813,362.6375,10.695450417837007,0.14013229569091867,10.0,5.2718535471537455,5.605291827636747,536993.9215730472,175969.59245442387
0,2.625,0.762907264378828,0.625,0.125,33.08544199208826,354.51874999999995,10.715249023566805,0.15561813580129238,10.0,5.194963449882039,6.224725432051695,536993.9215730472,87984.79622721193
0,2.625,0.762907264378828,0.625,0.25,34.107560655173884,368.04999999999995,10.790862580909002,0.14013229569091867,10.0,5.290596126781714,5.605291827636747,536993.9215730472,175969.59245442387
0,2.625,0.762907264378828,0.75,0.125,33.1403879012582,357.22499999999997,10.779143595553316,0.15561813580129238,10.0,5.200149094789031,6.224725432051695,536993.9215730472,87984.79622721193
0,2.625,0.762907264378828,0.75,0.25,34.310065749723535,373.4625,10.884925220611368,0.14013229569091867,10.0,5.309338706409682,5.605291827636747,536993.9215730472,175969.59245442387
0,2.625,0.762907264378828,0.875,0.125,33.195388630416424,359.93125,10.842808740916517,0.15561813580129238,10.0,5.205334739696023,6.224725432051695,536993.9215730472,87984.79622721193
0,2.625,0.762907264378828,0.875,0.25,34.513286974687105,378.875,10.977656236506139,0.14013229569091867,10.0,5.328081286037652,5.605291827636747,536993.9215730472,175969.59245442387
0,2.625,0.762907264378828,1.0,0.125,33.250444179562955,362.6375,10.906245283270273,0.15561813580129238,10.0,5.210520384603015,6.224725432051695,536993.9215730472,87984.79622721193
0,2.625,0.762907264378828,1.0,0.25,34.717224330064546,384.28749999999997,11.06907327459394,0.14013229569091867,10.0,5.346823865665621,5.605291827636747,536993.9215730472,175969.59245442387
0,2.625,0.762907264378828,1.125,0.125,33.30555454869778,365.34375,10.969454043042939,0.15561813580129238,10.0,5.215706029510007,6.224725432051695,536993.9215730472,87984.79622721193
0,2.625,0.762907264378828,1.125,0.25,34.92187781585588,389.7,11.159193731073108,0.14013229569091867,10.0,5.365566445293589,5.605291827636747,536993.9215730472,175969.59245442387
0,2.75,0.190726816094707,0.5,0.125,10.046805526556696,70.3625,7.00346989040556,0.34272483648889246,5.931,2.0942063491929224,13.708993459555698,79622.77372124357,52183.7826423594
0,2.75,0.190726816094707,0.5,0.25,10.819426965300421,81.1875,7.503863213863442,0.15591184039389946,6.113,2.207130083467144,6.236473615755978,82066.09606440093,107570.21186738933
0,2.75,0.190726816094707,0.625,0.125,10.084307410533748,73.06875,7.245787640673735,0.3416236474588079,5.94,2.0996642392633267,13.664945898352315,79743.5973535975,52262.968958963895
0,2.75,0.190726816094707,0.625,0.25,10.959762562484423,86.6,7.9016310350038275,0.155715735175515,6.144,2.227009629559575,6.2286294070206,82482.26635362004,108115.71760399804
0,2.75,0.190726816094707,0.75,0.125,10.121750668944818,75.77499999999999,7.486353149607809,0.34040131951643543,5.949000000000001,2.1051393621577366,13.616052780657416,79864.42098595145,52342.15527556839
0,2.75,0.190726816094707,0.75,0.25,11.100670478554756,92.01249999999999,8.28891373523408,0.15552444392425233,6.175000000000001,2.246893181613524,6.220977756970092,82898.43664283917,108661.22334060675
0,2.75,0.190726816094707,0.875,0.125,10.159235193044047,78.48124999999999,7.725113998122174,0.3391960880128313,5.958,2.1106144610192303,13.567843520513252,79985.24461830537,52421.341592172874
0,2.75,0.190726816094707,0.875,0.25,11.241693627515886,97.425,8.66639878545848,0.15533099627568395,6.205,2.2667496350453544,6.213239851027358,83301.18208401893,109189.13211797002
0,2.75,0.190726816094707,1.0,0.125,10.196863477932489,81.1875,7.962007157956139,0.33813880854327816,5.9670000000000005,2.1160725736699666,13.525552341731125,80106.06825065931,52500.52790877737
0,2.75,0.190726816094707,1.0,0.25,11.383736041722237,102.83749999999999,9.03372140948217,0.155149064467668,6.236000000000001,2.286640964657822,6.205962578706719,83717.35237323806,109734.63785457874
0,2.75,0.190726816094707,1.125,0.125,10.234431206753124,83.89375,8.19720688968462,0.3369648152743941,5.976000000000001,2.1215477237299845,13.478592610975763,80226.89188301325,52579.71422538186
0,2.75,0.190726816094707,1.125,0.25,11.526090679159172,108.25,9.39173593313226,0.1549715180061627,6.266000000000001,2.3065016934028013,6.1988607202465085,84120.09781441784,110262.54663194202
0,2.75,0.381453632189414,0.5,0.125,13.96410217338647,189.4375,13.566035083948332,0.2258541281431437,7.465000000000001,2.7703391698652573,9.034165125725748,200432.98122713986,65680.65038361371
0,2.75,0.381453632189414,0.5,0.25,14.842289193829721,200.2625,13.492696267045766,0.14378459263547874,7.627000000000001,2.8882910606541827,5.7513837054191495,204782.63199188156,134212.0081649891
0,2.75,0.381453632189414,0.625,0.125,14.004656333192111,192.14374999999998,13.719990368103824,0.22552005856368118,7.473000000000001,2.7758852508147505,9.020802342547247,200647.77879576906,65751.0382205955
0,2.75,0.381453632189414,0.625,0.25,14.991540260311139,205.67499999999998,13.719404172532393,0.14376701662227812,7.656000000000001,2.908292675662136,5.750680664891124,205561.27317816246,134722.31998310692
0,2.75,0.381453632189414,0.75,0.125,14.04525228932934,194.85,13.873015306961358,0.22518679190731464,7.481000000000001,2.7814322805253435,9.007471676292585,200862.5763643983,65821.42605757726
0,2.75,0.381453632189414,0.75,0.25,15.141076842362837,211.08749999999998,13.941379612406667,0.1437499995007362,7.6850000000000005,2.928298619172901,5.749999980029448,206339.91436444336,135232.63180122475
0,2.75,0.381453632189414,0.875,0.125,14.086571685985463,197.55624999999998,14.024437911784169,0.2265667049554485,7.485,2.786118378462989,9.06266819821794,200969.9751487129,65856.61997606813
0,2.75,0.381453632189414,0.875,0.25,15.291260014186008,216.5,14.158414662960974,0.14373467891315028,7.714,2.9483079624860724,5.749387156526011,207118.5555507243,135742.94361934258
0,2.75,0.381453632189414,1.0,0.125,14.127243402814807,200.2625,14.175624662918906,0.22623091966262499,7.493,2.7916649552366533,9.049236786504999,201184.77271734213,65927.0078130499
0,2.75,0.381453632189414,1.0,0.25,15.441907627626868,221.9125,14.370795717167736,0.14372041434130461,7.743,2.968321203923732,5.748816573652184,207897.19673700523,136253.2554374604
0,2.75,0.381453632189414,1.125,0.125,14.167956810264423,202.96875,14.325901237428456,0.22589594343418626,7.501,2.7972124813472417,9.03583773736745,201399.57028597133,65997.39565003169
0,2.75,0.381453632189414,1.125,0.25,15.592830866839977,227.325,14.578815222284867,0.1437067185736267,7.772,2.988338709505897,5.7482687429450685,208675.8379232861,136763.56725557824
0,2.75,0.5721804482841211,0.5,0.125,21.822579648435255,248.975,11.409054475273837,0.1678640754205973,9.443,3.896635220718186,6.714563016823892,380312.5201060713,83084.04307735623
0,2.75,0.5721804482841211,0.5,0.25,22.608572371447593,259.79999999999995,11.491216505474792,0.14361913252239422,9.568999999999999,3.993571719553532,5.744765300895769,385387.11266493663,168385.3030196382
0,2.75,0.5721804482841211,0.625,0.125,21.868290400054477,251.68124999999998,11.508958651809975,0.16772637379946337,9.45,3.9023083567375063,6.709054951978534,380594.4419148972,83145.63243471528
0,2.75,0.5721804482841211,0.625,0.25,22.773257326187363,265.2125,11.645786819219206,0.14361704583889187,9.596,4.013743228833262,5.744681833555675,386474.525356122,168860.42091926516
0,2.75,0.5721804482841211,0.75,0.125,21.91446993860045,254.3875,11.608197721082831,0.16760642475441517,9.458,3.9080058701247475,6.7042569901766065,380916.638267841,83216.02027169705
0,2.75,0.5721804482841211,0.75,0.25,22.937877092299807,270.625,11.798171160784891,0.14361477477334977,9.622,4.033864579268996,5.7445909909339905,387521.66350318945,169317.94185964664
0,2.75,0.5721804482841211,0.875,0.125,21.960613970568236,257.09375,11.707038352596097,0.16746995473658335,9.466,3.913724922280404,6.698798189463334,381238.83462078485,83286.40810867882
0,2.75,0.5721804482841211,0.875,0.25,23.103322357228134,276.03749999999997,11.947956909913371,0.14361231572737318,9.649,4.054043472300173,5.7444926290949265,388609.0761943749,169793.05975927357
0,2.75,0.5721804482841211,1.0,0.125,22.006414291422796,259.79999999999995,11.805648869441644,0.16733413774110312,9.472999999999999,3.9193986732799995,6.693365509644124,381520.7564296106,83347.99746603786
0,2.75,0.5721804482841211,1.0,0.25,23.2691476332709,281.45,12.09541511514477,0.14360966523504223,9.676,4.074226135437388,5.744386609401689,389696.4888855603,170268.17765890056
0,2.75,0.5721804482841211,1.125,0.125,22.052687212613563,262.50624999999997,11.903594671666736,0.16721583145264932,9.481,3.9250971197623836,6.688633258105972,381842.9527825545,83418.38530301963
0,2.75,0.5721804482841211,1.125,0.25,23.435614377259522,286.86249999999995,12.240451450607315,0.14360692885268034,9.703,4.09441338576999,5.7442771541072135,390783.90157674573,170743.2955585275
0,2.75,0.762907264378828,0.5,0.125,34.62338795311795,368.04999999999995,10.630097796852253,0.15561813580129238,10.0,5.338208137059052,6.224725432051695,536993.9215730472,87984.79622721193
0,2.75,0.762907264378828,0.5,0.25,35.52344412453842,378.875,10.665491743191806,0.14013229569091867,10.0,5.420283879237751,5.605291827636747,536993.9215730472,175969.59245442387
0,2.75,0.762907264378828,0.625,0.125,34.67984817192846,370.75624999999997,10.690826792607123,0.15561813580129238,10.0,5.343393781966044,6.224725432051695,536993.9215730472,87984.79622721193
0,2.75,0.762907264378828,0.625,0.25,35.730904425131584,384.28749999999997,10.755045420280732,0.14013229569091867,10.0,5.43902645886572,5.605291827636747,536993.9215730472,175969.59245442387
0,2.75,0.762907264378828,0.75,0.125,34.73636321072728,373.4625,10.751341403658149,0.15561813580129238,10.0,5.3485794268730364,6.224725432051695,536993.9215730472,87984.79622721193
0,2.75,0.762907264378828,0.75,0.25,35.939080856138624,389.7,10.843349098435185,0.14013229569091867,10.0,5.457769038493688,5.605291827636747,536993.9215730472,175969.59245442387
0,2.75,0.762907264378828,0.875,0.125,34.792933069514405,376.16875,10.81164238865505,0.15561813580129238,10.0,5.353765071780029,6.224725432051695,536993.9215730472,87984.79622721193
0,2.75,0.762907264378828,0.875,0.25,36.14797341755958,395.11249999999995,10.93041912573905,0.14013229569091867,10.0,5.476511618121657,5.605291827636747,536993.9215730472,175969.59245442387
0,2.75,0.762907264378828,1.0,0.125,34.84955774828982,378.875,10.87173050334025,0.15561813580129238,10.0,5.35895071668702,6.224725432051695,536993.9215730472,87984.79622721193
0,2.75,0.762907264378828,1.0,0.25,36.3575821093944,400.525,11.016271621002781,0.14013229569091867,10.0,5.495254197749626,5.605291827636747,536993.9215730472,175969.59245442387
0,2.75,0.762907264378828,1.125,0.125,34.90623724705354,381.58124999999995,10.93160650056057,0.15561813580129238,10.0,5.364136361594013,6.224725432051695,536993.9215730472,87984.79622721193
0,2.75,0.762907264378828,1.125,0.25,36.56790693164313,405.9375,11.100922477155292,0.14013229569091867,10.0,5.513996777377595,5.605291827636747,536993.9215730472,175969.59245442387
0,2.875,0.190726816094707,0.5,0.125,10.122111129122215,73.06875,7.2187263178503045,0.34040131951643543,5.949000000000001,2.1051893289955705,13.616052780657416,79864.42098595145,52342.15527556839
0,2.875,0.190726816094707,0.5,0.25,10.897330530191855,83.89375,7.698559731446724,0.15580228985749545,6.130000000000001,2.218174989058349,6.232091594299818,82294.31848106948,107869.36017456185
0,2.875,0.190726816094707,0.625,0.125,10.159596044786209,75.77499999999999,7.45846583525207,0.3391960880128313,5.958,2.1106644278570648,13.567843520513252,79985.24461830537,52421.341592172874
0,2.875,0.190726816094707,0.625,0.25,11.03798401618385,89.30624999999999,8.090811679837506,0.15560887741647908,6.1610000000000005,2.238056714560389,6.2243550966591625,82710.48877028859,108414.86591117056
0,2.875,0.190726816094707,0.75,0.125,10.197122236609507,78.48124999999999,7.69641161289978,0.3380075633890629,5.9670000000000005,2.11613951091983,13.520302535562516,80106.06825065931,52500.52790877737
0,2.875,0.190726816094707,0.75,0.25,11.179003889890764,94.71875,8.472915022925674,0.15541329793848646,6.192,2.2579456304830576,6.2165319175394576,83126.6590595077,108960.37164777926
0,2.875,0.190726816094707,0.875,0.125,10.234792835199952,81.1875,7.932500570092279,0.3369648152743941,5.976000000000001,2.121597690567819,13.478592610975763,80226.89188301325,52579.71422538186
0,2.875,0.190726816094707,0.875,0.25,11.320545359978853,100.13125,8.8450906573804,0.15522937366358547,6.222,2.277800949896144,6.209174946543419,83529.4045006875,109488.28042514254
0,2.875,0.190726816094707,1.0,0.125,10.272402250594832,83.89375,8.166906625482083,0.33580681925689554,5.985,2.1270728405565715,13.432272770275821,80347.71551536719,52658.900541986346
0,2.875,0.190726816094707,1.0,0.25,11.462902376757906,105.54374999999999,9.207419424071839,0.1550498946686496,6.253,2.2976944835642352,6.201995786745983,83945.5747899066,110033.78616175125
0,2.875,0.190726816094707,1.125,0.125,10.310046626936202,86.6,8.39957404011611,0.334790626173068,5.993,2.132515830238494,13.39162504692272,80455.1142996818,52729.28837896812
0,2.875,0.190726816094707,1.125,0.25,11.605569185621155,110.95625,9.560603898468887,0.1548747273868305,6.283,2.3175573159800402,6.19498909547322,84348.32023108639,110561.69493911453
0,2.875,0.381453632189414,0.5,0.125,14.267985842851557,197.55624999999998,13.846120410820157,0.2251036003853309,7.521000000000001,2.8108079250751015,9.004144015413235,201936.5642075444,66173.3652424861
0,2.875,0.381453632189414,0.5,0.25,15.150285250309784,208.38125,13.754278982683784,0.14374886943658527,7.687,2.9295341266293304,5.749954777463411,206393.61375660068,135267.82571971565
0,2.875,0.381453632189414,0.625,0.125,14.308843100910297,200.2625,13.995715697466816,0.22477133366272475,7.529000000000001,2.816358735368215,8.99085334650899,202151.36177617364,66243.75307946788
0,2.875,0.381453632189414,0.625,0.25,15.300496972338626,213.79375,13.972993843697509,0.14373362538873408,7.716,2.9495437361489785,5.749345015549363,207172.25494288158,135778.13753783348
0,2.875,0.381453632189414,0.75,0.125,14.349741975254762,202.96875,14.144418091280455,0.22443986408672748,7.537000000000001,2.821910501894726,8.977594563469099,202366.15934480284,66314.14091644964
0,2.875,0.381453632189414,0.75,0.25,15.451173049322906,219.20624999999998,14.187029638478222,0.14371943497867887,7.745,2.9695572445983296,5.748777399147154,207950.89612916252,136288.4493559513
0,2.875,0.381453632189414,0.875,0.125,14.390682448170303,205.67499999999998,14.292233932668735,0.22410918932073504,7.545000000000001,2.827463226045109,8.964367572829401,202580.95691343208,66384.52875343141
0,2.875,0.381453632189414,0.875,0.25,15.601978478988615,224.61874999999998,14.396811936543621,0.14370626545126433,7.773000000000001,2.9895309794739577,5.748250618050573,208702.68761936476,136781.1642148237
0,2.875,0.381453632189414,1.0,0.125,14.431869323512421,208.38125,14.43896458101273,0.22377930716582117,7.554,2.8330441752484186,8.951172286632847,202822.6041781399,66463.7150700359
0,2.875,0.381453632189414,1.0,0.25,15.753576007225224,230.03124999999997,14.60184340968034,0.14369408502965195,7.8020000000000005,3.00955215302084,5.747763401186077,209481.3288056457,137291.47603294151
0,2.875,0.381453632189414,1.125,0.125,14.472893529656364,211.08749999999998,14.58502403596497,0.22345021555774172,7.562,2.8385988873377968,8.938008622309669,203037.40174676914,66534.10290701767
0,2.875,0.381453632189414,1.125,0.25,15.905295385529554,235.44375,14.802853030582751,0.14368286288382648,7.83,3.0295332496008838,5.747314515353059,210233.12029584797,137784.1908918139
0,2.875,0.5721804482841211,0.5,0.125,22.57680937981285,259.79999999999995,11.507383334347555,0.1657862836889848,9.568,3.9896296560642304,6.631451347559391,385346.83812081866,84183.85303019638
0,2.875,0.5721804482841211,0.5,0.25,23.355092968870412,270.625,11.587408380720696,0.14360831980322805,9.69,4.084641245518712,5.744332792129122,390260.33250321203,170514.53508833674
0,2.875,0.5721804482841211,0.625,0.125,22.623077848384625,262.50624999999997,11.60347198375326,0.16567448963768586,9.575,3.995285290209637,6.626979585507434,385628.75992964447,84245.44238755542
0,2.875,0.5721804482841211,0.625,0.25,23.521493958707666,276.03749999999997,11.735542839438171,0.14360537959357325,9.717,4.104829646442635,5.74421518374293,391347.74519439746,170989.6529879637
0,2.875,0.5721804482841211,0.75,0.125,22.669686721278225,265.2125,11.698992723665041,0.16554730278996255,9.583,4.001008306313013,6.621892111598502,385950.9562825883,84315.8302245372
0,2.875,0.5721804482841211,0.75,0.25,23.68781608298893,281.45,11.88163564821492,0.14360223989619078,9.743,4.124967244820864,5.744089595847631,392394.8833414649,171447.1739283452
0,2.875,0.5721804482841211,0.875,0.125,22.71601473961336,267.91875,11.794267307495158,0.16543651782977245,9.59,4.006664360093465,6.617460713190898,386232.87809141417,84377.41958189625
0,2.875,0.5721804482841211,0.875,0.25,23.85523503174181,286.86249999999995,12.025138281735657,0.14359902512168646,9.77,4.145163888065443,5.743961004867458,393482.2960326503,171922.29182797213
0,2.875,0.5721804482841211,1.0,0.125,22.762683529671055,270.625,11.888976079961818,0.16531047948817834,9.597999999999999,4.01238785233573,6.612419179527134,386555.07444435795,84447.80741887802
0,2.875,0.5721804482841211,1.0,0.25,24.022766386578105,292.275,12.166583785425253,0.14359548516988727,9.796999999999999,4.165363490847937,5.74381940679549,394569.70872383565,172397.40972759906
0,2.875,0.5721804482841211,1.125,0.125,22.80945943812838,273.33124999999995,11.983241020745034,0.1652006953225229,9.606,4.018091117777789,6.608027812900916,386877.27079730184,84518.19525585978
0,2.875,0.5721804482841211,1.125,0.25,24.19047723903505,297.6875,12.305978797294477,0.14359187969799955,9.823,4.18551270845064,5.743675187919981,395616.84687090316,172854.93066798057
0,2.875,0.762907264378828,0.5,0.125,36.2611386902624,384.28749999999997,10.597778058834013,0.15561813580129238,10.0,5.486638469143057,6.224725432051695,536993.9215730472,87984.79622721193
0,2.875,0.762907264378828,0.5,0.25,37.18603024497189,395.11249999999995,10.625293891203272,0.14013229569091867,10.0,5.5687142113217565,5.605291827636747,536993.9215730472,175969.59245442387
0,2.875,0.762907264378828,0.625,0.125,36.31916803870181,386.99375,10.6553583382642,0.15561813580129238,10.0,5.49182411405005,6.224725432051695,536993.9215730472,87984.79622721193
0,2.875,0.762907264378828,0.625,0.25,37.39916188202243,400.525,10.709464593444007,0.14013229569091867,10.0,5.587456790949725,5.605291827636747,536993.9215730472,175969.59245442387
0,2.875,0.762907264378828,0.75,0.125,36.37725220712952,389.7,10.712738768202598,0.15561813580129238,10.0,5.497009758957042,6.224725432051695,536993.9215730472,87984.79622721193
0,2.875,0.762907264378828,0.75,0.25,37.613009649486855,405.9375,10.792475895518722,0.14013229569091867,10.0,5.606199370577693,5.605291827636747,536993.9215730472,175969.59245442387
0,2.875,0.762907264378828,0.875,0.125,36.435391195545535,392.40625,10.769920045430286,0.15561813580129238,10.0,5.502195403864034,6.224725432051695,536993.9215730472,87984.79622721193
0,2.875,0.762907264378828,0.875,0.25,37.8275735473652,411.34999999999997,10.874342745905565,0.14013229569091867,10.0,5.624941950205663,5.605291827636747,536993.9215730472,175969.59245442387
0,2.875,0.762907264378828,1.0,0.125,36.49358500394984,395.11249999999995,10.826902864085165,0.15561813580129238,10.0,5.507381048771026,6.224725432051695,536993.9215730472,87984.79622721193
0,2.875,0.762907264378828,1.0,0.25,38.04285357565741,416.7625,10.955079885665437,0.14013229569091867,10.0,5.643684529833632,5.605291827636747,536993.9215730472,175969.59245442387
0,2.875,0.762907264378828,1.125,0.125,36.55183363234244,397.81874999999997,10.883687915672578,0.15561813580129238,10.0,5.512566693678018,6.224725432051695,536993.9215730472,87984.79622721193
0,2.875,0.762907264378828,1.125,0.25,38.25884973436353,422.17499999999995,11.034701851498914,0.14013229569091867,10.0,5.6624271094616,5.605291827636747,536993.9215730472,175969.59245442387
0,3.0,0.190726816094707,0.5,0.125,10.197483487262385,75.77499999999999,7.430754861692111,0.3380075633890629,5.9670000000000005,2.116189477757664,13.520302535562516,80106.06825065931,52500.52790877737
0,3.0,0.190726816094707,0.5,0.25,10.975410715748817,86.6,7.890365312319116,0.15569424558303482,6.147,2.2292210800410985,6.227769823321393,82522.54089773801,108168.50848173436
0,3.0,0.190726816094707,0.625,0.125,10.235154472163776,78.48124999999999,7.667812949325088,0.3369648152743941,5.976000000000001,2.121647657405653,13.478592610975763,80226.89188301325,52579.71422538186
0,3.0,0.190726816094707,0.625,0.25,11.116381451560367,92.01249999999999,8.277198870958546,0.15550348010066606,6.178000000000001,2.2491049894077926,6.220139204026642,82938.71118695714,108714.01421834309
0,3.0,0.190726816094707,0.75,0.125,10.272764275596058,81.1875,7.903179496960592,0.33580681925689554,5.985,2.1271228073944055,13.432272770275821,80347.71551536719,52658.900541986346
0,3.0,0.190726816094707,0.75,0.25,11.257716617268816,97.425,8.654063991143156,0.15531056087730535,6.2090000000000005,2.2689960531153592,6.212422435092214,83354.88147617625,109259.5199549518
0,3.0,0.190726816094707,0.875,0.125,10.310415392023755,83.89375,8.136796318109655,0.33466445820152313,5.994000000000001,2.1325979659549334,13.386578328060924,80468.53914772112,52738.08685859084
0,3.0,0.190726816094707,0.875,0.25,11.399571834916383,102.83749999999999,9.021172153590303,0.155129122967757,6.239000000000001,2.288853464098475,6.205164918710279,83757.62691735604,109787.42873231508
0,3.0,0.190726816094707,1.0,0.125,10.348101396722427,86.6,8.36868490942976,0.33366186596313624,6.002000000000001,2.138040970613351,13.346474638525448,80575.93793203574,52808.474695572615
0,3.0,0.190726816094707,1.0,0.25,11.542242878707079,108.25,9.378593150183804,0.15495205556478775,6.2700000000000005,2.308749206240903,6.19808222259151,84173.79720657515,110332.93446892378
0,3.0,0.190726816094707,1.125,0.125,10.385835035549606,89.30624999999999,8.598851194373319,0.33254808063447355,6.011,2.1435161693830427,13.30192322537894,80696.76156438966,52887.6610121771
0,3.0,0.190726816094707,1.125,0.25,11.685431466697047,113.6625,9.726855214882994,0.1547855545623731,6.300000000000001,2.3286112453045766,6.191422182494924,84576.54264775493,110860.84324628706
0,3.0,0.381453632189414,0.5,0.125,14.573649905254278,205.67499999999998,14.11279956202649,0.22263093281380184,7.582000000000001,2.8522309375496757,8.905237312552073,203574.3956683422,66710.0724994721
0,3.0,0.381453632189414,0.5,0.25,15.460109008946093,216.5,14.00378224207351,0.14371846082422365,7.746,2.9707497743059137,5.748738432968946,207977.74582524117,136306.04631519676
0,3.0,0.381453632189414,0.625,0.125,14.614852733118276,208.38125,14.258183356702155,0.2223453432817665,7.590000000000001,2.857769983837139,8.89381373127066,203789.1932369714,66780.46033645386
0,3.0,0.381453632189414,0.625,0.25,15.61127375238729,221.9125,14.214887492192297,0.14370536298965617,7.775,2.990767294874933,5.748214519586247,208756.38701152208,136816.35813331458
0,3.0,0.381453632189414,0.75,0.125,14.65606184825507,211.08749999999998,14.402743532713172,0.22201968927405202,7.598000000000001,2.8633289800371777,8.880787570962081,204003.99080560062,66850.84817343563
0,3.0,0.381453632189414,0.75,0.25,15.762899568651196,227.325,14.421521815193028,0.14369325202771255,7.804,3.0107887370766435,5.747730081108502,209535.02819780298,137326.6699514324
0,3.0,0.381453632189414,0.875,0.125,14.69731242849361,213.79375,14.546452015643284,0.2216948169014406,7.606000000000001,2.8688889424627835,8.867792676057624,204218.78837422983,66921.23601041741
0,3.0,0.381453632189414,0.875,0.25,15.914646850565584,232.73749999999998,14.624107099915248,0.14368209717483402,7.832000000000001,3.030770091687559,5.747283886993361,210286.8196880053,137819.3848103048
0,3.0,0.381453632189414,1.0,0.125,14.738604453844767,216.5,14.689314763686667,0.2213707248896153,7.614000000000001,2.874449871995692,8.854828995584612,204433.58594285906,66991.62384739918
0,3.0,0.381453632189414,1.0,0.25,16.06718763365953,238.14999999999998,14.822133495291606,0.14367186858176745,7.861000000000001,3.0507992437335205,5.7468747432706975,211065.46087428622,138329.69662842262
0,3.0,0.381453632189414,1.125,0.125,14.779937904029106,219.20624999999998,14.831337683783024,0.22104741207769574,7.622000000000001,2.880011769456453,8.84189648310783,204648.38351148827,67062.01168438095
0,3.0,0.381453632189414,1.125,0.25,16.219842289827238,243.56249999999997,15.016329730453515,0.1436625372843113,7.889,3.0707880049522185,5.7465014913724515,211817.25236448843,138822.411487295
0,3.0,0.5721804482841211,0.5,0.125,23.338407746113912,270.625,11.595692514415937,0.1638892485536958,9.690999999999999,4.082552121598437,6.555569942147831,390300.60704733,85266.06602379108
0,3.0,0.5721804482841211,0.5,0.25,24.109133340142257,281.45,11.673999062064139,0.14359370670369842,9.81,4.175732474962995,5.743748268147937,395093.27779736946,172626.17019778985
0,3.0,0.5721804482841211,0.625,0.125,23.385556368926864,273.33124999999995,11.688037081007144,0.16378548436838872,9.699,4.088258670939302,6.5514193747355485,390622.8034002738,85336.45386077286
0,3.0,0.5721804482841211,0.625,0.25,24.277232550171554,286.86249999999995,11.816112046839246,0.1435898575327815,9.837,4.19593768829879,5.743594301311259,396180.6904885549,173101.28809741678
0,3.0,0.5721804482841211,0.75,0.125,23.43225219350983,276.03749999999997,11.780237670728711,0.16366743571934683,9.706,4.09393775785856,6.546697428773873,390904.72520909965,85398.0432181319
0,3.0,0.5721804482841211,0.75,0.25,24.445508557416908,292.275,11.956184070113038,0.14358595061022877,9.863,4.216092312636985,5.7434380244091505,397227.8286356223,173558.80903779826
0,3.0,0.5721804482841211,0.875,0.125,23.479460812896033,278.74375,11.871812228622417,0.16356461275637546,9.714,4.0996448169967,6.5425845102550175,391226.92156204354,85468.43105511369
0,3.0,0.5721804482841211,0.875,0.25,24.614156085935694,297.6875,12.094158294953527,0.1435818449051415,9.889,4.23625045452016,5.74327379620566,398274.96678268973,174016.32997817977
0,3.0,0.5721804482841211,1.0,0.125,23.52621389027232,281.45,11.963250921406214,0.16344763508801893,9.721,4.105324193633433,6.537905403520757,391508.84337086935,85530.02041247273
0,3.0,0.5721804482841211,1.0,0.25,24.783373724473886,303.09999999999997,12.229973343003136,0.14357736862006862,9.916,4.256466766812906,5.743094744802745,399362.3794738752,174491.44787780673
0,3.0,0.5721804482841211,1.125,0.125,23.573482385966276,284.15625,12.054063347431578,0.16334574512313701,9.729,4.111031757400664,6.53382980492548,391831.0397238132,85600.40824945449
0,3.0,0.5721804482841211,1.125,0.25,24.952762753370312,308.5125,12.363861390792485,0.14357285124835192,9.942,4.276632086621112,5.742914049934077,400409.5176209426,174948.96881818824
0,3.0,0.762907264378828,0.5,0.125,37.94380311433999,400.525,10.555742100839405,0.15561813580129238,10.0,5.635068801227062,6.224725432051695,536993.9215730472,87984.79622721193
0,3.0,0.762907264378828,0.5,0.25,38.91325900220257,411.34999999999997,10.570947038301693,0.14022038258560585,10.0,5.717216735009227,5.608815303424233,536993.9215730472,175969.59245442387
0,3.0,0.762907264378828,0.625,0.125,38.003401592408295,403.23125,10.61039888809719,0.15561813580129238,10.0,5.640254446134054,6.224725432051695,536993.9215730472,87984.79622721193
0,3.0,0.762907264378828,0.625,0.25,39.12795383157978,416.7625,10.651272535075298,0.14020198389932276,10.0,5.735944364267916,5.60807935597291,536993.9215730472,175969.59245442387
0,3.0,0.762907264378828,0.75,0.125,38.0630548904649,405.9375,10.664869153781208,0.15561813580129238,10.0,5.6454400910410465,6.224725432051695,536993.9215730472,87984.79622721193
0,3.0,0.762907264378828,0.75,0.25,39.34337423470187,422.17499999999995,10.730523454382078,0.14018365508625727,10.0,5.754671984121387,5.60734620345029,536993.9215730472,175969.59245442387
0,3.0,0.762907264378828,0.875,0.125,38.1227630085098,408.64374999999995,10.7191535384983,0.15561813580129238,10.0,5.650625735948039,6.224725432051695,536993.9215730472,87984.79622721193
0,3.0,0.762907264378828,0.875,0.25,39.55952017958079,427.5875,10.80871299901927,0.14016539791803967,10.0,5.773399595577978,5.606615916721586,536993.9215730472,175969.59245442387
0,3.0,0.762907264378828,1.0,0.125,38.182525946542995,411.34999999999997,10.773252680451414,0.15561813580129238,10.0,5.65581138085503,6.224725432051695,536993.9215730472,87984.79622721193
0,3.0,0.762907264378828,1.0,0.25,39.77639163437211,433.0,10.885854201662431,0.14014721416668574,10.0,5.7921271996259724,5.60588856666743,536993.9215730472,175969.59245442387
0,3.0,0.762907264378828,1.125,0.125,38.242343704564504,414.05625,10.827167215449176,0.15561813580129238,10.0,5.660997025762023,6.224725432051695,536993.9215730472,87984.79622721193
0,3.0,0.762907264378828,1.125,0.25,39.99470622401706,438.41249999999997,10.961763227972673,0.14013229569091867,10.0,5.810857441545604,5.605291827636747,536993.9215730472,175969.59245442387
